pg_restore: connecting to database for restore
pg_restore: executing SELECT pg_catalog.set_config('search_path', '', false);
pg_restore: creating SCHEMA "efrm"
pg_restore: creating EXTENSION "dblink"
pg_restore: creating COMMENT "EXTENSION dblink"
pg_restore: creating EXTENSION "pg_trgm"
pg_restore: creating COMMENT "EXTENSION pg_trgm"
pg_restore: creating FUNCTION "efrm.guard_security_audit_log()"
pg_restore: creating FUNCTION "efrm.reject_ml_audit_mutation()"
pg_restore: creating TABLE "efrm.account_lockout"
pg_restore: creating SEQUENCE "efrm.adverse_alert_seq"
pg_restore: creating TABLE "efrm.adverse_alert"
pg_restore: creating SEQUENCE "efrm.adverse_category_weight_seq"
pg_restore: creating TABLE "efrm.adverse_category_weight"
pg_restore: creating SEQUENCE "efrm.adverse_config_master_seq"
pg_restore: creating TABLE "efrm.adverse_config_master"
pg_restore: creating SEQUENCE "efrm.adverse_country_risk_seq"
pg_restore: creating TABLE "efrm.adverse_country_risk"
pg_restore: creating TABLE "efrm.adverse_integration_config"
pg_restore: creating SEQUENCE "efrm.adverse_integration_config_id_seq"
pg_restore: creating SEQUENCE OWNED BY "efrm.adverse_integration_config_id_seq"
pg_restore: creating SEQUENCE "efrm.adverse_match_seq"
pg_restore: creating TABLE "efrm.adverse_match"
pg_restore: creating SEQUENCE "efrm.adverse_recency_factor_seq"
pg_restore: creating TABLE "efrm.adverse_recency_factor"
pg_restore: creating SEQUENCE "efrm.adverse_request_seq"
pg_restore: creating TABLE "efrm.adverse_request"
pg_restore: creating SEQUENCE "efrm.adverse_result_seq"
pg_restore: creating TABLE "efrm.adverse_result"
pg_restore: creating SEQUENCE "efrm.adverse_risk_band_seq"
pg_restore: creating TABLE "efrm.adverse_risk_band"
pg_restore: creating SEQUENCE "efrm.adverse_severity_score_seq"
pg_restore: creating TABLE "efrm.adverse_severity_score"
pg_restore: creating SEQUENCE "efrm.adverse_source_weight_seq"
pg_restore: creating TABLE "efrm.adverse_source_weight"
pg_restore: creating SEQUENCE "efrm.aggregated_metric_seq"
pg_restore: creating TABLE "efrm.aggregated_metric"
pg_restore: creating TABLE "efrm.alembic_version"
pg_restore: creating TABLE "efrm.alert_category_master"
pg_restore: creating SEQUENCE "efrm.alert_category_master_id_seq"
pg_restore: creating SEQUENCE OWNED BY "efrm.alert_category_master_id_seq"
pg_restore: creating TABLE "efrm.alert_count_boost_config"
pg_restore: creating SEQUENCE "efrm.alert_count_boost_config_id_seq"
pg_restore: creating SEQUENCE OWNED BY "efrm.alert_count_boost_config_id_seq"
pg_restore: creating TABLE "efrm.assignment_config"
pg_restore: creating COMMENT "efrm.COLUMN assignment_config.action_type"
pg_restore: creating COMMENT "efrm.COLUMN assignment_config.alert_type"
pg_restore: creating COMMENT "efrm.COLUMN assignment_config.priority"
pg_restore: creating COMMENT "efrm.COLUMN assignment_config.assign_role_code"
pg_restore: creating COMMENT "efrm.COLUMN assignment_config.is_active"
pg_restore: creating COMMENT "efrm.COLUMN assignment_config.notify"
pg_restore: creating COMMENT "efrm.COLUMN assignment_config.notification_template"
pg_restore: creating TABLE "efrm.audit_trail"
pg_restore: creating SEQUENCE "efrm.audit_trail_seq"
pg_restore: creating TABLE "efrm.bulk_file_upload"
pg_restore: creating SEQUENCE "efrm.bulk_file_upload_id_seq"
pg_restore: creating SEQUENCE OWNED BY "efrm.bulk_file_upload_id_seq"
pg_restore: creating SEQUENCE "efrm.bulk_job_seq"
pg_restore: creating TABLE "efrm.bulk_job"
pg_restore: creating TABLE "efrm.capability_endpoint_map"
pg_restore: creating TABLE "efrm.case_action_execution_log"
pg_restore: creating SEQUENCE "efrm.case_action_execution_log_log_id_seq"
pg_restore: creating SEQUENCE OWNED BY "efrm.case_action_execution_log_log_id_seq"
pg_restore: creating TABLE "efrm.case_action_execution_queue"
pg_restore: creating SEQUENCE "efrm.case_action_execution_queue_execution_id_seq"
pg_restore: creating SEQUENCE OWNED BY "efrm.case_action_execution_queue_execution_id_seq"
pg_restore: creating TABLE "efrm.case_action_master"
pg_restore: creating SEQUENCE "efrm.case_action_master_action_id_seq"
pg_restore: creating SEQUENCE OWNED BY "efrm.case_action_master_action_id_seq"
pg_restore: creating TABLE "efrm.case_alert_mapping"
pg_restore: creating SEQUENCE "efrm.case_alert_mapping_id_seq"
pg_restore: creating SEQUENCE OWNED BY "efrm.case_alert_mapping_id_seq"
pg_restore: creating TABLE "efrm.case_assignment"
pg_restore: creating SEQUENCE "efrm.case_assignment_assignment_id_seq"
pg_restore: creating SEQUENCE OWNED BY "efrm.case_assignment_assignment_id_seq"
pg_restore: creating SEQUENCE "efrm.case_assignment_config_config_id_seq"
pg_restore: creating SEQUENCE OWNED BY "efrm.case_assignment_config_config_id_seq"
pg_restore: creating TABLE "efrm.case_config_master"
pg_restore: creating SEQUENCE "efrm.case_config_master_id_seq"
pg_restore: creating SEQUENCE OWNED BY "efrm.case_config_master_id_seq"
pg_restore: creating TABLE "efrm.case_decision_action_mapping"
pg_restore: creating SEQUENCE "efrm.case_decision_action_mapping_mapping_id_seq"
pg_restore: creating SEQUENCE OWNED BY "efrm.case_decision_action_mapping_mapping_id_seq"
pg_restore: creating TABLE "efrm.case_decision_master"
pg_restore: creating SEQUENCE "efrm.case_decision_master_decision_id_seq"
pg_restore: creating SEQUENCE OWNED BY "efrm.case_decision_master_decision_id_seq"
pg_restore: creating TABLE "efrm.case_events"
pg_restore: creating SEQUENCE "efrm.case_events_event_id_seq"
pg_restore: creating SEQUENCE OWNED BY "efrm.case_events_event_id_seq"
pg_restore: creating TABLE "efrm.case_evidence"
pg_restore: creating SEQUENCE "efrm.case_evidence_evidence_id_seq"
pg_restore: creating SEQUENCE OWNED BY "efrm.case_evidence_evidence_id_seq"
pg_restore: creating TABLE "efrm.case_master"
pg_restore: creating COMMENT "efrm.COLUMN case_master.sla_id"
pg_restore: creating COMMENT "efrm.COLUMN case_master.sla_response_due_at"
pg_restore: creating COMMENT "efrm.COLUMN case_master.sla_resolution_due_at"
pg_restore: creating COMMENT "efrm.COLUMN case_master.sla_status"
pg_restore: creating TABLE "efrm.case_priority_master"
pg_restore: creating SEQUENCE "efrm.case_priority_master_id_seq"
pg_restore: creating SEQUENCE OWNED BY "efrm.case_priority_master_id_seq"
pg_restore: creating TABLE "efrm.case_recovery"
pg_restore: creating SEQUENCE "efrm.case_recovery_recovery_id_seq"
pg_restore: creating SEQUENCE OWNED BY "efrm.case_recovery_recovery_id_seq"
pg_restore: creating TABLE "efrm.case_score_breakdown"
pg_restore: creating SEQUENCE "efrm.case_score_breakdown_id_seq"
pg_restore: creating SEQUENCE OWNED BY "efrm.case_score_breakdown_id_seq"
pg_restore: creating TABLE "efrm.case_scoring_trace"
pg_restore: creating SEQUENCE "efrm.case_scoring_trace_id_seq"
pg_restore: creating SEQUENCE OWNED BY "efrm.case_scoring_trace_id_seq"
pg_restore: creating TABLE "efrm.case_sla_tracker"
pg_restore: creating COMMENT "efrm.COLUMN case_sla_tracker.case_id"
pg_restore: creating COMMENT "efrm.COLUMN case_sla_tracker.sla_stage"
pg_restore: creating COMMENT "efrm.COLUMN case_sla_tracker.due_at"
pg_restore: creating COMMENT "efrm.COLUMN case_sla_tracker.achieved_at"
pg_restore: creating COMMENT "efrm.COLUMN case_sla_tracker.breached"
pg_restore: creating COMMENT "efrm.COLUMN case_sla_tracker.breached_at"
pg_restore: creating COMMENT "efrm.COLUMN case_sla_tracker.created_at"
pg_restore: creating SEQUENCE "efrm.case_sla_tracker_tracker_id_seq"
pg_restore: creating SEQUENCE OWNED BY "efrm.case_sla_tracker_tracker_id_seq"
pg_restore: creating SEQUENCE "efrm.cases_case_id_seq"
pg_restore: creating SEQUENCE OWNED BY "efrm.cases_case_id_seq"
pg_restore: creating TABLE "efrm.category_correlation_config"
pg_restore: creating SEQUENCE "efrm.category_correlation_config_id_seq"
pg_restore: creating SEQUENCE OWNED BY "efrm.category_correlation_config_id_seq"
pg_restore: creating TABLE "efrm.chatbot_audit_log"
pg_restore: creating SEQUENCE "efrm.chatbot_audit_log_id_seq"
pg_restore: creating SEQUENCE OWNED BY "efrm.chatbot_audit_log_id_seq"
pg_restore: creating TABLE "efrm.common_password_list"
pg_restore: creating TABLE "efrm.critical_override_rules"
pg_restore: creating SEQUENCE "efrm.critical_override_rules_id_seq"
pg_restore: creating SEQUENCE OWNED BY "efrm.critical_override_rules_id_seq"
pg_restore: creating TABLE "efrm.dashboard_assignment"
pg_restore: creating SEQUENCE "efrm.dashboard_assignment_id_seq"
pg_restore: creating TABLE "efrm.dashboard_export_audit"
pg_restore: creating TABLE "efrm.dashboard_variant_master"
pg_restore: creating SEQUENCE "efrm.dashboard_variant_master_id_seq"
pg_restore: creating TABLE "efrm.device_alert"
pg_restore: creating SEQUENCE "efrm.device_alert_id_seq"
pg_restore: creating SEQUENCE OWNED BY "efrm.device_alert_id_seq"
pg_restore: creating TABLE "efrm.device_master"
pg_restore: creating SEQUENCE "efrm.device_master_id_seq"
pg_restore: creating SEQUENCE OWNED BY "efrm.device_master_id_seq"
pg_restore: creating TABLE "efrm.device_match"
pg_restore: creating SEQUENCE "efrm.device_match_id_seq"
pg_restore: creating SEQUENCE OWNED BY "efrm.device_match_id_seq"
pg_restore: creating TABLE "efrm.device_request"
pg_restore: creating SEQUENCE "efrm.device_request_id_seq"
pg_restore: creating SEQUENCE OWNED BY "efrm.device_request_id_seq"
pg_restore: creating TABLE "efrm.device_result"
pg_restore: creating SEQUENCE "efrm.device_result_id_seq"
pg_restore: creating SEQUENCE OWNED BY "efrm.device_result_id_seq"
pg_restore: creating TABLE "efrm.efrm_service_config"
pg_restore: creating SEQUENCE "efrm.efrm_service_config_id_seq"
pg_restore: creating SEQUENCE OWNED BY "efrm.efrm_service_config_id_seq"
pg_restore: creating TABLE "efrm.engine_attribute_def"
pg_restore: creating SEQUENCE "efrm.engine_attribute_def_id_seq"
pg_restore: creating SEQUENCE OWNED BY "efrm.engine_attribute_def_id_seq"
pg_restore: creating SEQUENCE "efrm.engine_flink_map_seq"
pg_restore: creating TABLE "efrm.engine_flink_map"
pg_restore: creating SEQUENCE "efrm.entity_definition_seq"
pg_restore: creating TABLE "efrm.entity_definition"
pg_restore: creating TABLE "efrm.entity_device_map"
pg_restore: creating COMMENT "efrm.COLUMN entity_device_map.entity_id"
pg_restore: creating COMMENT "efrm.COLUMN entity_device_map.device_fingerprint"
pg_restore: creating COMMENT "efrm.COLUMN entity_device_map.channel"
pg_restore: creating COMMENT "efrm.COLUMN entity_device_map.source_system"
pg_restore: creating COMMENT "efrm.COLUMN entity_device_map.is_active"
pg_restore: creating COMMENT "efrm.COLUMN entity_device_map.created_at"
pg_restore: creating COMMENT "efrm.COLUMN entity_device_map.updated_at"
pg_restore: creating SEQUENCE "efrm.entity_device_map_entity_device_id_seq"
pg_restore: creating SEQUENCE OWNED BY "efrm.entity_device_map_entity_device_id_seq"
pg_restore: creating TABLE "efrm.entity_graph_cluster_nodes"
pg_restore: creating SEQUENCE "efrm.entity_graph_cluster_nodes_id_seq"
pg_restore: creating SEQUENCE OWNED BY "efrm.entity_graph_cluster_nodes_id_seq"
pg_restore: creating TABLE "efrm.entity_graph_clusters"
pg_restore: creating SEQUENCE "efrm.entity_graph_clusters_cluster_id_seq"
pg_restore: creating SEQUENCE OWNED BY "efrm.entity_graph_clusters_cluster_id_seq"
pg_restore: creating TABLE "efrm.entity_graph_edges"
pg_restore: creating SEQUENCE "efrm.entity_graph_edges_edge_id_seq"
pg_restore: creating SEQUENCE OWNED BY "efrm.entity_graph_edges_edge_id_seq"
pg_restore: creating TABLE "efrm.entity_graph_evidence"
pg_restore: creating SEQUENCE "efrm.entity_graph_evidence_id_seq"
pg_restore: creating SEQUENCE OWNED BY "efrm.entity_graph_evidence_id_seq"
pg_restore: creating TABLE "efrm.entity_graph_nodes"
pg_restore: creating SEQUENCE "efrm.entity_graph_nodes_node_id_seq"
pg_restore: creating SEQUENCE OWNED BY "efrm.entity_graph_nodes_node_id_seq"
pg_restore: creating TABLE "efrm.entity_graph_refresh_checkpoint"
pg_restore: creating SEQUENCE "efrm.entity_graph_refresh_checkpoint_id_seq"
pg_restore: creating SEQUENCE OWNED BY "efrm.entity_graph_refresh_checkpoint_id_seq"
pg_restore: creating TABLE "efrm.entity_graph_refresh_config"
pg_restore: creating SEQUENCE "efrm.entity_graph_refresh_config_id_seq"
pg_restore: creating SEQUENCE OWNED BY "efrm.entity_graph_refresh_config_id_seq"
pg_restore: creating TABLE "efrm.entity_graph_view_config"
pg_restore: creating SEQUENCE "efrm.entity_graph_view_config_id_seq"
pg_restore: creating SEQUENCE OWNED BY "efrm.entity_graph_view_config_id_seq"
pg_restore: creating TABLE "efrm.entity_master"
pg_restore: creating COMMENT "efrm.COLUMN entity_master.entity_id"
pg_restore: creating COMMENT "efrm.COLUMN entity_master.entity_type"
pg_restore: creating COMMENT "efrm.COLUMN entity_master.entity_group"
pg_restore: creating COMMENT "efrm.COLUMN entity_master.institution_id"
pg_restore: creating COMMENT "efrm.COLUMN entity_master.source_system"
pg_restore: creating COMMENT "efrm.COLUMN entity_master.channel"
pg_restore: creating COMMENT "efrm.COLUMN entity_master.external_entity_id"
pg_restore: creating COMMENT "efrm.COLUMN entity_master.name"
pg_restore: creating COMMENT "efrm.COLUMN entity_master.normalized_name"
pg_restore: creating COMMENT "efrm.COLUMN entity_master.date_of_birth"
pg_restore: creating COMMENT "efrm.COLUMN entity_master.gender"
pg_restore: creating COMMENT "efrm.COLUMN entity_master.registration_number"
pg_restore: creating COMMENT "efrm.COLUMN entity_master.incorporation_date"
pg_restore: creating COMMENT "efrm.COLUMN entity_master.country"
pg_restore: creating COMMENT "efrm.COLUMN entity_master.address"
pg_restore: creating COMMENT "efrm.COLUMN entity_master.email"
pg_restore: creating COMMENT "efrm.COLUMN entity_master.phone_no"
pg_restore: creating COMMENT "efrm.COLUMN entity_master.metadata"
pg_restore: creating COMMENT "efrm.COLUMN entity_master.last_screened_at"
pg_restore: creating COMMENT "efrm.COLUMN entity_master.screening_status"
pg_restore: creating COMMENT "efrm.COLUMN entity_master.is_active"
pg_restore: creating COMMENT "efrm.COLUMN entity_master.created_at"
pg_restore: creating COMMENT "efrm.COLUMN entity_master.created_by"
pg_restore: creating COMMENT "efrm.COLUMN entity_master.updated_at"
pg_restore: creating COMMENT "efrm.COLUMN entity_master.updated_by"
pg_restore: creating COMMENT "efrm.COLUMN entity_master.last_device_location"
pg_restore: creating COMMENT "efrm.COLUMN entity_master.last_transaction_details"
pg_restore: creating SEQUENCE "efrm.entity_master_entity_id_seq"
pg_restore: creating SEQUENCE OWNED BY "efrm.entity_master_entity_id_seq"
pg_restore: creating TABLE "efrm.entity_relation_map"
pg_restore: creating COMMENT "efrm.COLUMN entity_relation_map.entity_id"
pg_restore: creating SEQUENCE "efrm.entity_relation_map_entity_relation_id_seq"
pg_restore: creating SEQUENCE OWNED BY "efrm.entity_relation_map_entity_relation_id_seq"
pg_restore: creating TABLE "efrm.entity_risk_aggregate"
pg_restore: creating TABLE "efrm.entity_risk_config"
pg_restore: creating SEQUENCE "efrm.entity_risk_config_id_seq"
pg_restore: creating SEQUENCE OWNED BY "efrm.entity_risk_config_id_seq"
pg_restore: creating TABLE "efrm.entity_risk_factor_breakdown"
pg_restore: creating SEQUENCE "efrm.entity_risk_factor_breakdown_id_seq"
pg_restore: creating SEQUENCE OWNED BY "efrm.entity_risk_factor_breakdown_id_seq"
pg_restore: creating TABLE "efrm.entity_risk_history"
pg_restore: creating SEQUENCE "efrm.entity_risk_history_id_seq"
pg_restore: creating SEQUENCE OWNED BY "efrm.entity_risk_history_id_seq"
pg_restore: creating TABLE "efrm.entity_risk_profile"
pg_restore: creating SEQUENCE "efrm.entity_risk_profile_id_seq"
pg_restore: creating SEQUENCE OWNED BY "efrm.entity_risk_profile_id_seq"
pg_restore: creating TABLE "efrm.enum_value"
pg_restore: creating SEQUENCE "efrm.enum_value_id_seq"
pg_restore: creating SEQUENCE OWNED BY "efrm.enum_value_id_seq"
pg_restore: creating TABLE "efrm.facts_definition"
pg_restore: creating SEQUENCE "efrm.facts_definition_id_seq"
pg_restore: creating SEQUENCE OWNED BY "efrm.facts_definition_id_seq"
pg_restore: creating TABLE "efrm.graph_dimension_config"
pg_restore: creating SEQUENCE "efrm.graph_dimension_config_id_seq"
pg_restore: creating SEQUENCE OWNED BY "efrm.graph_dimension_config_id_seq"
pg_restore: creating TABLE "efrm.graph_dimension_subtype_config"
pg_restore: creating SEQUENCE "efrm.graph_dimension_subtype_config_id_seq"
pg_restore: creating SEQUENCE OWNED BY "efrm.graph_dimension_subtype_config_id_seq"
pg_restore: creating TABLE "efrm.institution"
pg_restore: creating TABLE "efrm.institution_type"
pg_restore: creating SEQUENCE "efrm.institution_type_id_seq"
pg_restore: creating SEQUENCE OWNED BY "efrm.institution_type_id_seq"
pg_restore: creating TABLE "efrm.integration_endpoint_config"
pg_restore: creating SEQUENCE "efrm.integration_endpoint_config_endpoint_config_id_seq"
pg_restore: creating SEQUENCE OWNED BY "efrm.integration_endpoint_config_endpoint_config_id_seq"
pg_restore: creating TABLE "efrm.list_entity"
pg_restore: creating TABLE "efrm.list_entity_alias"
pg_restore: creating SEQUENCE "efrm.list_entity_alias_id_seq"
pg_restore: creating SEQUENCE OWNED BY "efrm.list_entity_alias_id_seq"
pg_restore: creating SEQUENCE "efrm.list_entity_id_seq"
pg_restore: creating SEQUENCE OWNED BY "efrm.list_entity_id_seq"
pg_restore: creating TABLE "efrm.list_normalized_address"
pg_restore: creating SEQUENCE "efrm.list_normalized_address_id_seq"
pg_restore: creating SEQUENCE OWNED BY "efrm.list_normalized_address_id_seq"
pg_restore: creating TABLE "efrm.list_source"
pg_restore: creating SEQUENCE "efrm.list_source_id_seq"
pg_restore: creating SEQUENCE OWNED BY "efrm.list_source_id_seq"
pg_restore: creating TABLE "efrm.list_version"
pg_restore: creating SEQUENCE "efrm.list_version_id_seq"
pg_restore: creating SEQUENCE OWNED BY "efrm.list_version_id_seq"
pg_restore: creating TABLE "efrm.login_attempt"
pg_restore: creating TABLE "efrm.menu_master"
pg_restore: creating SEQUENCE "efrm.metric_definition_seq"
pg_restore: creating TABLE "efrm.metric_definition"
pg_restore: creating SEQUENCE "efrm.ml_audit_event_audit_event_id_seq"
pg_restore: creating TABLE "efrm.ml_audit_event"
pg_restore: creating SEQUENCE "efrm.ml_data_generation_record_generation_record_id_seq"
pg_restore: creating TABLE "efrm.ml_data_generation_record"
pg_restore: creating COMMENT "efrm.TABLE ml_data_generation_record"
pg_restore: creating SEQUENCE "efrm.ml_data_generation_run_generation_run_id_seq"
pg_restore: creating TABLE "efrm.ml_data_generation_run"
pg_restore: creating COMMENT "efrm.TABLE ml_data_generation_run"
pg_restore: creating SEQUENCE "efrm.ml_deployment_allocation_deployment_allocation_id_seq"
pg_restore: creating TABLE "efrm.ml_deployment_allocation"
pg_restore: creating SEQUENCE "efrm.ml_deployment_event_deployment_event_id_seq"
pg_restore: creating TABLE "efrm.ml_deployment_event"
pg_restore: creating SEQUENCE "efrm.ml_deployment_plan_deployment_plan_id_seq"
pg_restore: creating TABLE "efrm.ml_deployment_plan"
pg_restore: creating SEQUENCE "efrm.ml_deployment_stage_deployment_stage_id_seq"
pg_restore: creating TABLE "efrm.ml_deployment_stage"
pg_restore: creating TABLE "efrm.ml_feature_definition"
pg_restore: creating SEQUENCE "efrm.ml_feature_definition_feature_id_seq"
pg_restore: creating SEQUENCE OWNED BY "efrm.ml_feature_definition_feature_id_seq"
pg_restore: creating TABLE "efrm.ml_feature_definition_metadata"
pg_restore: creating SEQUENCE "efrm.ml_feature_definition_metadata_seq"
pg_restore: creating SEQUENCE OWNED BY "efrm.ml_feature_definition_metadata_seq"
pg_restore: creating TABLE "efrm.ml_feature_set"
pg_restore: creating SEQUENCE "efrm.ml_feature_set_feature_set_id_seq"
pg_restore: creating SEQUENCE OWNED BY "efrm.ml_feature_set_feature_set_id_seq"
pg_restore: creating TABLE "efrm.ml_feature_set_version"
pg_restore: creating SEQUENCE "efrm.ml_feature_set_version_feature_set_version_id_seq"
pg_restore: creating SEQUENCE OWNED BY "efrm.ml_feature_set_version_feature_set_version_id_seq"
pg_restore: creating TABLE "efrm.ml_feedback"
pg_restore: creating SEQUENCE "efrm.ml_feedback_feedback_id_seq"
pg_restore: creating SEQUENCE OWNED BY "efrm.ml_feedback_feedback_id_seq"
pg_restore: creating TABLE "efrm.ml_inference_result"
pg_restore: creating COMMENT "efrm.COLUMN ml_inference_result.raw_model_score"
pg_restore: creating COMMENT "efrm.COLUMN ml_inference_result.feature_vector"
pg_restore: creating SEQUENCE "efrm.ml_inference_result_inference_id_seq"
pg_restore: creating SEQUENCE OWNED BY "efrm.ml_inference_result_inference_id_seq"
pg_restore: creating SEQUENCE "efrm.ml_inference_review_review_id_seq"
pg_restore: creating TABLE "efrm.ml_inference_review"
pg_restore: creating TABLE "efrm.ml_inference_shap_local"
pg_restore: creating SEQUENCE "efrm.ml_inference_shap_local_seq"
pg_restore: creating SEQUENCE OWNED BY "efrm.ml_inference_shap_local_seq"
pg_restore: creating TABLE "efrm.ml_job_dead_letter"
pg_restore: creating SEQUENCE "efrm.ml_job_dead_letter_dead_letter_id_seq"
pg_restore: creating SEQUENCE OWNED BY "efrm.ml_job_dead_letter_dead_letter_id_seq"
pg_restore: creating TABLE "efrm.ml_job_execution_state"
pg_restore: creating TABLE "efrm.ml_model_drift_summary"
pg_restore: creating SEQUENCE "efrm.ml_model_drift_summary_model_drift_summary_id_seq"
pg_restore: creating SEQUENCE OWNED BY "efrm.ml_model_drift_summary_model_drift_summary_id_seq"
pg_restore: creating TABLE "efrm.ml_model_explainability_profile"
pg_restore: creating SEQUENCE "efrm.ml_model_explainability_profile_explainability_profile_id_seq"
pg_restore: creating TABLE "efrm.ml_model_feature_drift"
pg_restore: creating SEQUENCE "efrm.ml_model_feature_drift_model_feature_drift_id_seq"
pg_restore: creating SEQUENCE OWNED BY "efrm.ml_model_feature_drift_model_feature_drift_id_seq"
pg_restore: creating TABLE "efrm.ml_model_governance"
pg_restore: creating SEQUENCE "efrm.ml_model_governance_model_governance_id_seq"
pg_restore: creating SEQUENCE OWNED BY "efrm.ml_model_governance_model_governance_id_seq"
pg_restore: creating TABLE "efrm.ml_model_job"
pg_restore: creating SEQUENCE "efrm.ml_model_job_seq"
pg_restore: creating SEQUENCE OWNED BY "efrm.ml_model_job_seq"
pg_restore: creating TABLE "efrm.ml_model_performance_daily"
pg_restore: creating SEQUENCE "efrm.ml_model_performance_daily_model_performance_daily_id_seq"
pg_restore: creating SEQUENCE OWNED BY "efrm.ml_model_performance_daily_model_performance_daily_id_seq"
pg_restore: creating TABLE "efrm.ml_model_registry"
pg_restore: creating SEQUENCE "efrm.ml_model_registry_model_id_seq"
pg_restore: creating SEQUENCE OWNED BY "efrm.ml_model_registry_model_id_seq"
pg_restore: creating TABLE "efrm.ml_model_runtime_metrics"
pg_restore: creating SEQUENCE "efrm.ml_model_runtime_metrics_model_runtime_metrics_id_seq"
pg_restore: creating SEQUENCE OWNED BY "efrm.ml_model_runtime_metrics_model_runtime_metrics_id_seq"
pg_restore: creating TABLE "efrm.ml_model_shap_global"
pg_restore: creating SEQUENCE "efrm.ml_model_shap_global_model_shap_global_id_seq"
pg_restore: creating SEQUENCE OWNED BY "efrm.ml_model_shap_global_model_shap_global_id_seq"
pg_restore: creating TABLE "efrm.ml_model_simulation_sample"
pg_restore: creating SEQUENCE "efrm.ml_model_simulation_sample_simulation_sample_id_seq"
pg_restore: creating TABLE "efrm.ml_model_version"
pg_restore: creating SEQUENCE "efrm.ml_model_version_model_version_id_seq"
pg_restore: creating SEQUENCE OWNED BY "efrm.ml_model_version_model_version_id_seq"
pg_restore: creating SEQUENCE "efrm.ml_monitoring_alert_alert_id_seq"
pg_restore: creating TABLE "efrm.ml_monitoring_alert"
pg_restore: creating TABLE "efrm.ml_schema_migration"
pg_restore: creating TABLE "efrm.ml_score_blending_policy"
pg_restore: creating SEQUENCE "efrm.ml_score_blending_policy_policy_id_seq"
pg_restore: creating SEQUENCE OWNED BY "efrm.ml_score_blending_policy_policy_id_seq"
pg_restore: creating SEQUENCE "efrm.ml_shadow_execution_shadow_execution_id_seq"
pg_restore: creating TABLE "efrm.ml_shadow_execution"
pg_restore: creating SEQUENCE "efrm.ml_simulation_result_simulation_result_id_seq"
pg_restore: creating TABLE "efrm.ml_simulation_result"
pg_restore: creating COMMENT "efrm.TABLE ml_simulation_result"
pg_restore: creating SEQUENCE "efrm.ml_simulation_run_simulation_run_id_seq"
pg_restore: creating TABLE "efrm.ml_simulation_run"
pg_restore: creating COMMENT "efrm.TABLE ml_simulation_run"
pg_restore: creating SEQUENCE "efrm.ml_training_dataset_dataset_id_seq"
pg_restore: creating TABLE "efrm.ml_training_dataset"
pg_restore: creating TABLE "efrm.ml_training_dataset_profile"
pg_restore: creating SEQUENCE "efrm.ml_training_dataset_profile_model_training_dataset_profile__seq"
pg_restore: creating SEQUENCE OWNED BY "efrm.ml_training_dataset_profile_model_training_dataset_profile__seq"
pg_restore: creating TABLE "efrm.ml_worker_heartbeat"
pg_restore: creating TABLE "efrm.notification_queue"
pg_restore: creating COMMENT "efrm.COLUMN notification_queue.event_code"
pg_restore: creating COMMENT "efrm.COLUMN notification_queue.channel"
pg_restore: creating COMMENT "efrm.COLUMN notification_queue.user_id"
pg_restore: creating COMMENT "efrm.COLUMN notification_queue.message"
pg_restore: creating COMMENT "efrm.COLUMN notification_queue.status"
pg_restore: creating SEQUENCE "efrm.notification_queue_notification_id_seq"
pg_restore: creating SEQUENCE OWNED BY "efrm.notification_queue_notification_id_seq"
pg_restore: creating TABLE "efrm.notification_template"
pg_restore: creating COMMENT "efrm.COLUMN notification_template.event_code"
pg_restore: creating COMMENT "efrm.COLUMN notification_template.channel"
pg_restore: creating COMMENT "efrm.COLUMN notification_template.template_body"
pg_restore: creating COMMENT "efrm.COLUMN notification_template.is_active"
pg_restore: creating SEQUENCE "efrm.notification_template_template_id_seq"
pg_restore: creating SEQUENCE OWNED BY "efrm.notification_template_template_id_seq"
pg_restore: creating TABLE "efrm.operator_value"
pg_restore: creating SEQUENCE "efrm.operator_id_seq"
pg_restore: creating SEQUENCE OWNED BY "efrm.operator_id_seq"
pg_restore: creating TABLE "efrm.password_expiry_notice"
pg_restore: creating TABLE "efrm.password_policy_rule"
pg_restore: creating TABLE "efrm.password_reset_token"
pg_restore: creating TABLE "efrm.product_master"
pg_restore: creating TABLE "efrm.profile_capability"
pg_restore: creating TABLE "efrm.profile_master"
pg_restore: creating TABLE "efrm.reference_data"
pg_restore: creating SEQUENCE "efrm.reference_data_ref_id_seq"
pg_restore: creating SEQUENCE OWNED BY "efrm.reference_data_ref_id_seq"
pg_restore: creating TABLE "efrm.refresh_token"
pg_restore: creating TABLE "efrm.report_assignment"
pg_restore: creating SEQUENCE "efrm.report_assignment_id_seq"
pg_restore: creating TABLE "efrm.report_export_audit"
pg_restore: creating TABLE "efrm.report_variant_master"
pg_restore: creating SEQUENCE "efrm.report_variant_master_id_seq"
pg_restore: creating TABLE "efrm.risk_event_log"
pg_restore: creating SEQUENCE "efrm.risk_event_log_id_seq"
pg_restore: creating SEQUENCE OWNED BY "efrm.risk_event_log_id_seq"
pg_restore: creating TABLE "efrm.risk_rating_config"
pg_restore: creating SEQUENCE "efrm.risk_rating_config_id_seq"
pg_restore: creating SEQUENCE OWNED BY "efrm.risk_rating_config_id_seq"
pg_restore: creating TABLE "efrm.risk_rating_decay_policy_config"
pg_restore: creating SEQUENCE "efrm.risk_rating_decay_policy_config_id_seq"
pg_restore: creating SEQUENCE OWNED BY "efrm.risk_rating_decay_policy_config_id_seq"
pg_restore: creating TABLE "efrm.risk_rating_decision_impact_config"
pg_restore: creating SEQUENCE "efrm.risk_rating_decision_impact_config_id_seq"
pg_restore: creating SEQUENCE OWNED BY "efrm.risk_rating_decision_impact_config_id_seq"
pg_restore: creating TABLE "efrm.risk_rating_domain_override_config"
pg_restore: creating SEQUENCE "efrm.risk_rating_domain_override_config_id_seq"
pg_restore: creating SEQUENCE OWNED BY "efrm.risk_rating_domain_override_config_id_seq"
pg_restore: creating TABLE "efrm.risk_rating_event_type_config"
pg_restore: creating SEQUENCE "efrm.risk_rating_event_type_config_id_seq"
pg_restore: creating SEQUENCE OWNED BY "efrm.risk_rating_event_type_config_id_seq"
pg_restore: creating TABLE "efrm.risk_rating_override_policy"
pg_restore: creating SEQUENCE "efrm.risk_rating_override_policy_id_seq"
pg_restore: creating SEQUENCE OWNED BY "efrm.risk_rating_override_policy_id_seq"
pg_restore: creating TABLE "efrm.risk_rating_relationship_risk_config"
pg_restore: creating SEQUENCE "efrm.risk_rating_relationship_risk_config_id_seq"
pg_restore: creating SEQUENCE OWNED BY "efrm.risk_rating_relationship_risk_config_id_seq"
pg_restore: creating TABLE "efrm.risk_rating_service_weight_config"
pg_restore: creating SEQUENCE "efrm.risk_rating_service_weight_config_id_seq"
pg_restore: creating SEQUENCE OWNED BY "efrm.risk_rating_service_weight_config_id_seq"
pg_restore: creating TABLE "efrm.risk_rating_tier_config"
pg_restore: creating SEQUENCE "efrm.risk_rating_tier_config_id_seq"
pg_restore: creating SEQUENCE OWNED BY "efrm.risk_rating_tier_config_id_seq"
pg_restore: creating TABLE "efrm.risk_rating_weight_config"
pg_restore: creating SEQUENCE "efrm.risk_rating_weight_config_id_seq"
pg_restore: creating SEQUENCE OWNED BY "efrm.risk_rating_weight_config_id_seq"
pg_restore: creating TABLE "efrm.risk_recalculation_job"
pg_restore: creating SEQUENCE "efrm.risk_recalculation_job_id_seq"
pg_restore: creating SEQUENCE OWNED BY "efrm.risk_recalculation_job_id_seq"
pg_restore: creating TABLE "efrm.rule_decision_policy"
pg_restore: creating SEQUENCE "efrm.rule_decision_policy_id_seq"
pg_restore: creating SEQUENCE OWNED BY "efrm.rule_decision_policy_id_seq"
pg_restore: creating TABLE "efrm.rule_decision_upgrade"
pg_restore: creating TABLE "efrm.rule_drl_context"
pg_restore: creating SEQUENCE "efrm.rule_drl_context_id_seq"
pg_restore: creating SEQUENCE OWNED BY "efrm.rule_drl_context_id_seq"
pg_restore: creating TABLE "efrm.rule_group_master"
pg_restore: creating SEQUENCE "efrm.rule_group_master_id_seq"
pg_restore: creating SEQUENCE OWNED BY "efrm.rule_group_master_id_seq"
pg_restore: creating TABLE "efrm.rule_group_source_binding"
pg_restore: creating SEQUENCE "efrm.rule_group_source_binding_id_seq"
pg_restore: creating SEQUENCE OWNED BY "efrm.rule_group_source_binding_id_seq"
pg_restore: creating TABLE "efrm.rule_group_version"
pg_restore: creating SEQUENCE "efrm.rule_group_version_id_seq"
pg_restore: creating SEQUENCE OWNED BY "efrm.rule_group_version_id_seq"
pg_restore: creating TABLE "efrm.rule_group_version_map"
pg_restore: creating SEQUENCE "efrm.rule_group_version_map_id_seq"
pg_restore: creating SEQUENCE OWNED BY "efrm.rule_group_version_map_id_seq"
pg_restore: creating TABLE "efrm.rule_master"
pg_restore: creating SEQUENCE "efrm.rule_master_id_seq"
pg_restore: creating SEQUENCE OWNED BY "efrm.rule_master_id_seq"
pg_restore: creating TABLE "efrm.rule_master_tag"
pg_restore: creating SEQUENCE "efrm.rule_master_tag_id_seq"
pg_restore: creating SEQUENCE OWNED BY "efrm.rule_master_tag_id_seq"
pg_restore: creating SEQUENCE "efrm.rule_metric_dependency_seq"
pg_restore: creating TABLE "efrm.rule_metric_dependency"
pg_restore: creating SEQUENCE "efrm.rule_required_data_seq"
pg_restore: creating TABLE "efrm.rule_required_data"
pg_restore: creating TABLE "efrm.rule_version"
pg_restore: creating SEQUENCE "efrm.rule_version_id_seq"
pg_restore: creating SEQUENCE OWNED BY "efrm.rule_version_id_seq"
pg_restore: creating TABLE "efrm.rule_version_old"
pg_restore: creating TABLE "efrm.rule_version_old1"
pg_restore: creating TABLE "efrm.ruleengine_alert_old"
pg_restore: creating TABLE "efrm.ruleengine_bulk_job"
pg_restore: creating SEQUENCE "efrm.ruleengine_bulk_job_id_seq"
pg_restore: creating SEQUENCE OWNED BY "efrm.ruleengine_bulk_job_id_seq"
pg_restore: creating TABLE "efrm.ruleengine_bulk_job_item"
pg_restore: creating SEQUENCE "efrm.ruleengine_bulk_job_item_id_seq"
pg_restore: creating SEQUENCE OWNED BY "efrm.ruleengine_bulk_job_item_id_seq"
pg_restore: creating TABLE "efrm.ruleengine_bulk_job_summary"
pg_restore: creating SEQUENCE "efrm.ruleengine_bulk_job_summary_id_seq"
pg_restore: creating SEQUENCE OWNED BY "efrm.ruleengine_bulk_job_summary_id_seq"
pg_restore: creating SEQUENCE "efrm.ruleengine_decision_upgrade_id_seq"
pg_restore: creating SEQUENCE OWNED BY "efrm.ruleengine_decision_upgrade_id_seq"
pg_restore: creating TABLE "efrm.ruleengine_match_old"
pg_restore: creating TABLE "efrm.screening_alert"
pg_restore: creating SEQUENCE "efrm.screening_alert_id_seq"
pg_restore: creating SEQUENCE OWNED BY "efrm.screening_alert_id_seq"
pg_restore: creating TABLE "efrm.screening_bulk_job"
pg_restore: creating SEQUENCE "efrm.screening_bulk_job_id_seq"
pg_restore: creating SEQUENCE OWNED BY "efrm.screening_bulk_job_id_seq"
pg_restore: creating TABLE "efrm.screening_bulk_job_item"
pg_restore: creating SEQUENCE "efrm.screening_bulk_job_item_id_seq"
pg_restore: creating SEQUENCE OWNED BY "efrm.screening_bulk_job_item_id_seq"
pg_restore: creating TABLE "efrm.screening_bulk_job_summary"
pg_restore: creating SEQUENCE "efrm.screening_bulk_job_summary_id_seq"
pg_restore: creating SEQUENCE OWNED BY "efrm.screening_bulk_job_summary_id_seq"
pg_restore: creating TABLE "efrm.screening_config_master"
pg_restore: creating SEQUENCE "efrm.screening_config_master_id_seq"
pg_restore: creating SEQUENCE OWNED BY "efrm.screening_config_master_id_seq"
pg_restore: creating SEQUENCE "efrm.screening_config_seq"
pg_restore: creating TABLE "efrm.screening_decision_threshold"
pg_restore: creating SEQUENCE "efrm.screening_decision_threshold_id_seq"
pg_restore: creating SEQUENCE OWNED BY "efrm.screening_decision_threshold_id_seq"
pg_restore: creating TABLE "efrm.screening_entity"
pg_restore: creating COMMENT "efrm.COLUMN screening_entity.is_primary"
pg_restore: creating TABLE "efrm.screening_entity_field"
pg_restore: creating SEQUENCE "efrm.screening_entity_field_field_id_seq"
pg_restore: creating SEQUENCE OWNED BY "efrm.screening_entity_field_field_id_seq"
pg_restore: creating SEQUENCE "efrm.screening_entity_id_seq"
pg_restore: creating SEQUENCE OWNED BY "efrm.screening_entity_id_seq"
pg_restore: creating TABLE "efrm.screening_entity_relation"
pg_restore: creating SEQUENCE "efrm.screening_entity_relation_relation_id_seq"
pg_restore: creating SEQUENCE OWNED BY "efrm.screening_entity_relation_relation_id_seq"
pg_restore: creating TABLE "efrm.screening_field_config"
pg_restore: creating SEQUENCE "efrm.screening_field_config_id_seq"
pg_restore: creating SEQUENCE OWNED BY "efrm.screening_field_config_id_seq"
pg_restore: creating TABLE "efrm.screening_group_config"
pg_restore: creating SEQUENCE "efrm.screening_group_config_id_seq"
pg_restore: creating SEQUENCE OWNED BY "efrm.screening_group_config_id_seq"
pg_restore: creating TABLE "efrm.screening_identifier_config"
pg_restore: creating SEQUENCE "efrm.screening_identifier_config_id_seq"
pg_restore: creating SEQUENCE OWNED BY "efrm.screening_identifier_config_id_seq"
pg_restore: creating TABLE "efrm.screening_match"
pg_restore: creating SEQUENCE "efrm.screening_match_id_seq"
pg_restore: creating SEQUENCE OWNED BY "efrm.screening_match_id_seq"
pg_restore: creating TABLE "efrm.screening_request"
pg_restore: creating SEQUENCE "efrm.screening_request_id_seq"
pg_restore: creating SEQUENCE OWNED BY "efrm.screening_request_id_seq"
pg_restore: creating TABLE "efrm.screening_result"
pg_restore: creating COMMENT "efrm.COLUMN screening_result.request_type"
pg_restore: creating SEQUENCE "efrm.screening_result_id_seq"
pg_restore: creating SEQUENCE OWNED BY "efrm.screening_result_id_seq"
pg_restore: creating TABLE "efrm.screening_risk_band"
pg_restore: creating SEQUENCE "efrm.screening_risk_band_id_seq"
pg_restore: creating SEQUENCE OWNED BY "efrm.screening_risk_band_id_seq"
pg_restore: creating TABLE "efrm.screening_source_config"
pg_restore: creating SEQUENCE "efrm.screening_source_config_id_seq"
pg_restore: creating SEQUENCE OWNED BY "efrm.screening_source_config_id_seq"
pg_restore: creating TABLE "efrm.security_audit_log"
pg_restore: creating TABLE "efrm.security_capability"
pg_restore: creating TABLE "efrm.security_check"
pg_restore: creating TABLE "efrm.security_notification"
pg_restore: creating TABLE "efrm.service_client"
pg_restore: creating TABLE "efrm.service_token_jti"
pg_restore: creating TABLE "efrm.sla_escalation"
pg_restore: creating COMMENT "efrm.COLUMN sla_escalation.sla_id"
pg_restore: creating COMMENT "efrm.COLUMN sla_escalation.escalation_level"
pg_restore: creating COMMENT "efrm.COLUMN sla_escalation.escalation_after_minutes"
pg_restore: creating COMMENT "efrm.COLUMN sla_escalation.escalate_to_role"
pg_restore: creating COMMENT "efrm.COLUMN sla_escalation.notify"
pg_restore: creating COMMENT "efrm.COLUMN sla_escalation.notification_template"
pg_restore: creating COMMENT "efrm.COLUMN sla_escalation.is_active"
pg_restore: creating SEQUENCE "efrm.sla_escalation_escalation_id_seq"
pg_restore: creating SEQUENCE OWNED BY "efrm.sla_escalation_escalation_id_seq"
pg_restore: creating TABLE "efrm.sla_policy"
pg_restore: creating COMMENT "efrm.COLUMN sla_policy.action_type"
pg_restore: creating COMMENT "efrm.COLUMN sla_policy.alert_type"
pg_restore: creating COMMENT "efrm.COLUMN sla_policy.priority"
pg_restore: creating COMMENT "efrm.COLUMN sla_policy.sla_name"
pg_restore: creating COMMENT "efrm.COLUMN sla_policy.response_time_minutes"
pg_restore: creating COMMENT "efrm.COLUMN sla_policy.resolution_time_minutes"
pg_restore: creating COMMENT "efrm.COLUMN sla_policy.business_hours_only"
pg_restore: creating COMMENT "efrm.COLUMN sla_policy.escalation_required"
pg_restore: creating COMMENT "efrm.COLUMN sla_policy.is_active"
pg_restore: creating SEQUENCE "efrm.sla_policy_sla_id_seq"
pg_restore: creating SEQUENCE OWNED BY "efrm.sla_policy_sla_id_seq"
pg_restore: creating TABLE "efrm.source_attribute_def"
pg_restore: creating SEQUENCE "efrm.source_attribute_def_id_seq"
pg_restore: creating SEQUENCE OWNED BY "efrm.source_attribute_def_id_seq"
pg_restore: creating TABLE "efrm.source_column_mapping"
pg_restore: creating SEQUENCE "efrm.source_column_mapping_mapping_id_seq"
pg_restore: creating SEQUENCE OWNED BY "efrm.source_column_mapping_mapping_id_seq"
pg_restore: creating TABLE "efrm.source_config"
pg_restore: creating SEQUENCE "efrm.source_config_id_seq"
pg_restore: creating SEQUENCE OWNED BY "efrm.source_config_id_seq"
pg_restore: creating TABLE "efrm.source_system_master"
pg_restore: creating SEQUENCE "efrm.source_system_master_source_system_id_seq"
pg_restore: creating SEQUENCE OWNED BY "efrm.source_system_master_source_system_id_seq"
pg_restore: creating TABLE "efrm.transaction_alert"
pg_restore: creating SEQUENCE "efrm.transaction_alert_seq"
pg_restore: creating SEQUENCE OWNED BY "efrm.transaction_alert_seq"
pg_restore: creating TABLE "efrm.transaction_master"
pg_restore: creating SEQUENCE "efrm.transaction_master_id_seq"
pg_restore: creating SEQUENCE OWNED BY "efrm.transaction_master_id_seq"
pg_restore: creating TABLE "efrm.transaction_match"
pg_restore: creating SEQUENCE "efrm.transaction_match_seq"
pg_restore: creating SEQUENCE OWNED BY "efrm.transaction_match_seq"
pg_restore: creating TABLE "efrm.transaction_request"
pg_restore: creating SEQUENCE "efrm.transaction_request_seq"
pg_restore: creating SEQUENCE OWNED BY "efrm.transaction_request_seq"
pg_restore: creating TABLE "efrm.transaction_result"
pg_restore: creating SEQUENCE "efrm.transaction_result_seq"
pg_restore: creating SEQUENCE OWNED BY "efrm.transaction_result_seq"
pg_restore: creating TABLE "efrm.user_credential"
pg_restore: creating TABLE "efrm.user_master"
pg_restore: creating TABLE "efrm.user_password_history"
pg_restore: creating SEQUENCE "efrm.user_password_history_seq"
pg_restore: creating TABLE "efrm.user_session"
pg_restore: creating TABLE "efrm.whitelist_entry"
pg_restore: creating SEQUENCE "efrm.whitelist_entry_id_seq"
pg_restore: creating SEQUENCE OWNED BY "efrm.whitelist_entry_id_seq"
pg_restore: creating DEFAULT "efrm.adverse_integration_config id"
pg_restore: creating DEFAULT "efrm.alert_category_master id"
pg_restore: creating DEFAULT "efrm.alert_count_boost_config id"
pg_restore: creating DEFAULT "efrm.assignment_config config_id"
pg_restore: creating DEFAULT "efrm.bulk_file_upload id"
pg_restore: creating DEFAULT "efrm.case_action_execution_log log_id"
pg_restore: creating DEFAULT "efrm.case_action_execution_queue execution_id"
pg_restore: creating DEFAULT "efrm.case_action_master action_id"
pg_restore: creating DEFAULT "efrm.case_alert_mapping id"
pg_restore: creating DEFAULT "efrm.case_assignment assignment_id"
pg_restore: creating DEFAULT "efrm.case_config_master id"
pg_restore: creating DEFAULT "efrm.case_decision_action_mapping mapping_id"
pg_restore: creating DEFAULT "efrm.case_decision_master decision_id"
pg_restore: creating DEFAULT "efrm.case_events event_id"
pg_restore: creating DEFAULT "efrm.case_evidence evidence_id"
pg_restore: creating DEFAULT "efrm.case_master case_id"
pg_restore: creating DEFAULT "efrm.case_priority_master id"
pg_restore: creating DEFAULT "efrm.case_recovery recovery_id"
pg_restore: creating DEFAULT "efrm.case_score_breakdown id"
pg_restore: creating DEFAULT "efrm.case_scoring_trace id"
pg_restore: creating DEFAULT "efrm.case_sla_tracker tracker_id"
pg_restore: creating DEFAULT "efrm.category_correlation_config id"
pg_restore: creating DEFAULT "efrm.chatbot_audit_log id"
pg_restore: creating DEFAULT "efrm.critical_override_rules id"
pg_restore: creating DEFAULT "efrm.device_alert id"
pg_restore: creating DEFAULT "efrm.device_master id"
pg_restore: creating DEFAULT "efrm.device_match id"
pg_restore: creating DEFAULT "efrm.device_request id"
pg_restore: creating DEFAULT "efrm.device_result id"
pg_restore: creating DEFAULT "efrm.efrm_service_config id"
pg_restore: creating DEFAULT "efrm.engine_attribute_def id"
pg_restore: creating DEFAULT "efrm.entity_device_map entity_device_id"
pg_restore: creating DEFAULT "efrm.entity_graph_cluster_nodes id"
pg_restore: creating DEFAULT "efrm.entity_graph_clusters cluster_id"
pg_restore: creating DEFAULT "efrm.entity_graph_edges edge_id"
pg_restore: creating DEFAULT "efrm.entity_graph_evidence id"
pg_restore: creating DEFAULT "efrm.entity_graph_nodes node_id"
pg_restore: creating DEFAULT "efrm.entity_graph_refresh_checkpoint id"
pg_restore: creating DEFAULT "efrm.entity_graph_refresh_config id"
pg_restore: creating DEFAULT "efrm.entity_graph_view_config id"
pg_restore: creating DEFAULT "efrm.entity_master entity_id"
pg_restore: creating DEFAULT "efrm.entity_relation_map entity_relation_id"
pg_restore: creating DEFAULT "efrm.entity_risk_config id"
pg_restore: creating DEFAULT "efrm.entity_risk_factor_breakdown id"
pg_restore: creating DEFAULT "efrm.entity_risk_history id"
pg_restore: creating DEFAULT "efrm.entity_risk_profile id"
pg_restore: creating DEFAULT "efrm.enum_value id"
pg_restore: creating DEFAULT "efrm.facts_definition id"
pg_restore: creating DEFAULT "efrm.graph_dimension_config id"
pg_restore: creating DEFAULT "efrm.graph_dimension_subtype_config id"
pg_restore: creating DEFAULT "efrm.institution_type id"
pg_restore: creating DEFAULT "efrm.integration_endpoint_config endpoint_config_id"
pg_restore: creating DEFAULT "efrm.list_entity id"
pg_restore: creating DEFAULT "efrm.list_entity_alias id"
pg_restore: creating DEFAULT "efrm.list_normalized_address id"
pg_restore: creating DEFAULT "efrm.list_source id"
pg_restore: creating DEFAULT "efrm.list_version id"
pg_restore: creating DEFAULT "efrm.ml_feature_definition feature_id"
pg_restore: creating DEFAULT "efrm.ml_feature_definition_metadata feature_metadata_id"
pg_restore: creating DEFAULT "efrm.ml_feature_set feature_set_id"
pg_restore: creating DEFAULT "efrm.ml_feature_set_version feature_set_version_id"
pg_restore: creating DEFAULT "efrm.ml_feedback feedback_id"
pg_restore: creating DEFAULT "efrm.ml_inference_result inference_id"
pg_restore: creating DEFAULT "efrm.ml_inference_shap_local inference_shap_local_id"
pg_restore: creating DEFAULT "efrm.ml_job_dead_letter dead_letter_id"
pg_restore: creating DEFAULT "efrm.ml_model_drift_summary model_drift_summary_id"
pg_restore: creating DEFAULT "efrm.ml_model_feature_drift model_feature_drift_id"
pg_restore: creating DEFAULT "efrm.ml_model_governance model_governance_id"
pg_restore: creating DEFAULT "efrm.ml_model_job model_job_id"
pg_restore: creating DEFAULT "efrm.ml_model_performance_daily model_performance_daily_id"
pg_restore: creating DEFAULT "efrm.ml_model_registry model_id"
pg_restore: creating DEFAULT "efrm.ml_model_runtime_metrics model_runtime_metrics_id"
pg_restore: creating DEFAULT "efrm.ml_model_shap_global model_shap_global_id"
pg_restore: creating DEFAULT "efrm.ml_model_version model_version_id"
pg_restore: creating DEFAULT "efrm.ml_score_blending_policy policy_id"
pg_restore: creating DEFAULT "efrm.ml_training_dataset_profile model_training_dataset_profile_id"
pg_restore: creating DEFAULT "efrm.notification_queue notification_id"
pg_restore: creating DEFAULT "efrm.notification_template template_id"
pg_restore: creating DEFAULT "efrm.operator_value id"
pg_restore: creating DEFAULT "efrm.reference_data ref_id"
pg_restore: creating DEFAULT "efrm.risk_event_log id"
pg_restore: creating DEFAULT "efrm.risk_rating_config id"
pg_restore: creating DEFAULT "efrm.risk_rating_decay_policy_config id"
pg_restore: creating DEFAULT "efrm.risk_rating_decision_impact_config id"
pg_restore: creating DEFAULT "efrm.risk_rating_domain_override_config id"
pg_restore: creating DEFAULT "efrm.risk_rating_event_type_config id"
pg_restore: creating DEFAULT "efrm.risk_rating_override_policy id"
pg_restore: creating DEFAULT "efrm.risk_rating_relationship_risk_config id"
pg_restore: creating DEFAULT "efrm.risk_rating_service_weight_config id"
pg_restore: creating DEFAULT "efrm.risk_rating_tier_config id"
pg_restore: creating DEFAULT "efrm.risk_rating_weight_config id"
pg_restore: creating DEFAULT "efrm.risk_recalculation_job id"
pg_restore: creating DEFAULT "efrm.rule_decision_policy id"
pg_restore: creating DEFAULT "efrm.rule_decision_upgrade id"
pg_restore: creating DEFAULT "efrm.rule_drl_context id"
pg_restore: creating DEFAULT "efrm.rule_group_master id"
pg_restore: creating DEFAULT "efrm.rule_group_source_binding id"
pg_restore: creating DEFAULT "efrm.rule_group_version id"
pg_restore: creating DEFAULT "efrm.rule_group_version_map id"
pg_restore: creating DEFAULT "efrm.rule_master id"
pg_restore: creating DEFAULT "efrm.rule_master_tag id"
pg_restore: creating DEFAULT "efrm.rule_version id"
pg_restore: creating DEFAULT "efrm.ruleengine_bulk_job id"
pg_restore: creating DEFAULT "efrm.ruleengine_bulk_job_item id"
pg_restore: creating DEFAULT "efrm.ruleengine_bulk_job_summary id"
pg_restore: creating DEFAULT "efrm.screening_alert id"
pg_restore: creating DEFAULT "efrm.screening_bulk_job id"
pg_restore: creating DEFAULT "efrm.screening_bulk_job_item id"
pg_restore: creating DEFAULT "efrm.screening_bulk_job_summary id"
pg_restore: creating DEFAULT "efrm.screening_config_master id"
pg_restore: creating DEFAULT "efrm.screening_decision_threshold id"
pg_restore: creating DEFAULT "efrm.screening_entity id"
pg_restore: creating DEFAULT "efrm.screening_entity_field field_id"
pg_restore: creating DEFAULT "efrm.screening_entity_relation relation_id"
pg_restore: creating DEFAULT "efrm.screening_field_config id"
pg_restore: creating DEFAULT "efrm.screening_group_config id"
pg_restore: creating DEFAULT "efrm.screening_identifier_config id"
pg_restore: creating DEFAULT "efrm.screening_match id"
pg_restore: creating DEFAULT "efrm.screening_request id"
pg_restore: creating DEFAULT "efrm.screening_result id"
pg_restore: creating DEFAULT "efrm.screening_risk_band id"
pg_restore: creating DEFAULT "efrm.screening_source_config id"
pg_restore: creating DEFAULT "efrm.sla_escalation escalation_id"
pg_restore: creating DEFAULT "efrm.sla_policy sla_id"
pg_restore: creating DEFAULT "efrm.source_attribute_def id"
pg_restore: creating DEFAULT "efrm.source_column_mapping mapping_id"
pg_restore: creating DEFAULT "efrm.source_config id"
pg_restore: creating DEFAULT "efrm.source_system_master source_system_id"
pg_restore: creating DEFAULT "efrm.transaction_alert id"
pg_restore: creating DEFAULT "efrm.transaction_master id"
pg_restore: creating DEFAULT "efrm.transaction_match id"
pg_restore: creating DEFAULT "efrm.transaction_request id"
pg_restore: creating DEFAULT "efrm.transaction_result id"
pg_restore: creating DEFAULT "efrm.whitelist_entry id"
pg_restore: processing data for table "efrm.account_lockout"
pg_restore: processing data for table "efrm.adverse_alert"
pg_restore: processing data for table "efrm.adverse_category_weight"
pg_restore: processing data for table "efrm.adverse_config_master"
pg_restore: processing data for table "efrm.adverse_country_risk"
pg_restore: processing data for table "efrm.adverse_integration_config"
pg_restore: processing data for table "efrm.adverse_match"
pg_restore: processing data for table "efrm.adverse_recency_factor"
pg_restore: processing data for table "efrm.adverse_request"
pg_restore: processing data for table "efrm.adverse_result"
pg_restore: processing data for table "efrm.adverse_risk_band"
pg_restore: processing data for table "efrm.adverse_severity_score"
pg_restore: processing data for table "efrm.adverse_source_weight"
pg_restore: processing data for table "efrm.aggregated_metric"
pg_restore: processing data for table "efrm.alembic_version"
pg_restore: processing data for table "efrm.alert_category_master"
pg_restore: processing data for table "efrm.alert_count_boost_config"
pg_restore: processing data for table "efrm.assignment_config"
pg_restore: processing data for table "efrm.audit_trail"
pg_restore: processing data for table "efrm.bulk_file_upload"
pg_restore: processing data for table "efrm.bulk_job"
pg_restore: processing data for table "efrm.capability_endpoint_map"
pg_restore: processing data for table "efrm.case_action_execution_log"
pg_restore: processing data for table "efrm.case_action_execution_queue"
pg_restore: processing data for table "efrm.case_action_master"
pg_restore: processing data for table "efrm.case_alert_mapping"
pg_restore: processing data for table "efrm.case_assignment"
pg_restore: processing data for table "efrm.case_config_master"
pg_restore: processing data for table "efrm.case_decision_action_mapping"
pg_restore: processing data for table "efrm.case_decision_master"
pg_restore: processing data for table "efrm.case_events"
pg_restore: processing data for table "efrm.case_evidence"
pg_restore: processing data for table "efrm.case_master"
pg_restore: processing data for table "efrm.case_priority_master"
pg_restore: processing data for table "efrm.case_recovery"
pg_restore: processing data for table "efrm.case_score_breakdown"
pg_restore: processing data for table "efrm.case_scoring_trace"
pg_restore: processing data for table "efrm.case_sla_tracker"
pg_restore: processing data for table "efrm.category_correlation_config"
pg_restore: processing data for table "efrm.chatbot_audit_log"
pg_restore: processing data for table "efrm.common_password_list"
pg_restore: processing data for table "efrm.critical_override_rules"
pg_restore: processing data for table "efrm.dashboard_assignment"
pg_restore: processing data for table "efrm.dashboard_export_audit"
pg_restore: processing data for table "efrm.dashboard_variant_master"
pg_restore: processing data for table "efrm.device_alert"
pg_restore: processing data for table "efrm.device_master"
pg_restore: processing data for table "efrm.device_match"
pg_restore: processing data for table "efrm.device_request"
pg_restore: processing data for table "efrm.device_result"
pg_restore: processing data for table "efrm.efrm_service_config"
pg_restore: processing data for table "efrm.engine_attribute_def"
pg_restore: processing data for table "efrm.engine_flink_map"
pg_restore: processing data for table "efrm.entity_definition"
pg_restore: processing data for table "efrm.entity_device_map"
pg_restore: processing data for table "efrm.entity_graph_cluster_nodes"
pg_restore: processing data for table "efrm.entity_graph_clusters"
pg_restore: processing data for table "efrm.entity_graph_edges"
pg_restore: processing data for table "efrm.entity_graph_evidence"
pg_restore: processing data for table "efrm.entity_graph_nodes"
pg_restore: processing data for table "efrm.entity_graph_refresh_checkpoint"
pg_restore: processing data for table "efrm.entity_graph_refresh_config"
pg_restore: processing data for table "efrm.entity_graph_view_config"
pg_restore: processing data for table "efrm.entity_master"
pg_restore: processing data for table "efrm.entity_relation_map"
pg_restore: processing data for table "efrm.entity_risk_aggregate"
pg_restore: processing data for table "efrm.entity_risk_config"
pg_restore: processing data for table "efrm.entity_risk_factor_breakdown"
pg_restore: processing data for table "efrm.entity_risk_history"
pg_restore: processing data for table "efrm.entity_risk_profile"
pg_restore: processing data for table "efrm.enum_value"
pg_restore: processing data for table "efrm.facts_definition"
pg_restore: processing data for table "efrm.graph_dimension_config"
pg_restore: processing data for table "efrm.graph_dimension_subtype_config"
pg_restore: processing data for table "efrm.institution"
pg_restore: processing data for table "efrm.institution_type"
pg_restore: processing data for table "efrm.integration_endpoint_config"
pg_restore: processing data for table "efrm.list_entity"
pg_restore: processing data for table "efrm.list_entity_alias"
pg_restore: processing data for table "efrm.list_normalized_address"
pg_restore: processing data for table "efrm.list_source"
pg_restore: processing data for table "efrm.list_version"
pg_restore: processing data for table "efrm.login_attempt"
pg_restore: processing data for table "efrm.menu_master"
pg_restore: processing data for table "efrm.metric_definition"
pg_restore: processing data for table "efrm.ml_audit_event"
pg_restore: processing data for table "efrm.ml_data_generation_record"
pg_restore: processing data for table "efrm.ml_data_generation_run"
pg_restore: processing data for table "efrm.ml_deployment_allocation"
pg_restore: processing data for table "efrm.ml_deployment_event"
pg_restore: processing data for table "efrm.ml_deployment_plan"
pg_restore: processing data for table "efrm.ml_deployment_stage"
pg_restore: processing data for table "efrm.ml_feature_definition"
pg_restore: processing data for table "efrm.ml_feature_definition_metadata"
pg_restore: processing data for table "efrm.ml_feature_set"
pg_restore: processing data for table "efrm.ml_feature_set_version"
pg_restore: processing data for table "efrm.ml_feedback"
pg_restore: processing data for table "efrm.ml_inference_result"
pg_restore: processing data for table "efrm.ml_inference_review"
pg_restore: processing data for table "efrm.ml_inference_shap_local"
pg_restore: processing data for table "efrm.ml_job_dead_letter"
pg_restore: processing data for table "efrm.ml_job_execution_state"
pg_restore: processing data for table "efrm.ml_model_drift_summary"
pg_restore: processing data for table "efrm.ml_model_explainability_profile"
pg_restore: processing data for table "efrm.ml_model_feature_drift"
pg_restore: processing data for table "efrm.ml_model_governance"
pg_restore: processing data for table "efrm.ml_model_job"
pg_restore: processing data for table "efrm.ml_model_performance_daily"
pg_restore: processing data for table "efrm.ml_model_registry"
pg_restore: processing data for table "efrm.ml_model_runtime_metrics"
pg_restore: processing data for table "efrm.ml_model_shap_global"
pg_restore: processing data for table "efrm.ml_model_simulation_sample"
pg_restore: processing data for table "efrm.ml_model_version"
pg_restore: processing data for table "efrm.ml_monitoring_alert"
pg_restore: processing data for table "efrm.ml_schema_migration"
pg_restore: processing data for table "efrm.ml_score_blending_policy"
pg_restore: processing data for table "efrm.ml_shadow_execution"
pg_restore: processing data for table "efrm.ml_simulation_result"
pg_restore: processing data for table "efrm.ml_simulation_run"
pg_restore: processing data for table "efrm.ml_training_dataset"
pg_restore: processing data for table "efrm.ml_training_dataset_profile"
pg_restore: processing data for table "efrm.ml_worker_heartbeat"
pg_restore: processing data for table "efrm.notification_queue"
pg_restore: processing data for table "efrm.notification_template"
pg_restore: processing data for table "efrm.operator_value"
pg_restore: processing data for table "efrm.password_expiry_notice"
pg_restore: processing data for table "efrm.password_policy_rule"
pg_restore: processing data for table "efrm.password_reset_token"
pg_restore: processing data for table "efrm.product_master"
pg_restore: processing data for table "efrm.profile_capability"
pg_restore: processing data for table "efrm.profile_master"
pg_restore: processing data for table "efrm.reference_data"
pg_restore: processing data for table "efrm.refresh_token"
pg_restore: processing data for table "efrm.report_assignment"
pg_restore: processing data for table "efrm.report_export_audit"
pg_restore: processing data for table "efrm.report_variant_master"
pg_restore: processing data for table "efrm.risk_event_log"
pg_restore: processing data for table "efrm.risk_rating_config"
pg_restore: processing data for table "efrm.risk_rating_decay_policy_config"
pg_restore: processing data for table "efrm.risk_rating_decision_impact_config"
pg_restore: processing data for table "efrm.risk_rating_domain_override_config"
pg_restore: processing data for table "efrm.risk_rating_event_type_config"
pg_restore: processing data for table "efrm.risk_rating_override_policy"
pg_restore: processing data for table "efrm.risk_rating_relationship_risk_config"
pg_restore: processing data for table "efrm.risk_rating_service_weight_config"
pg_restore: processing data for table "efrm.risk_rating_tier_config"
pg_restore: processing data for table "efrm.risk_rating_weight_config"
pg_restore: processing data for table "efrm.risk_recalculation_job"
pg_restore: processing data for table "efrm.rule_decision_policy"
pg_restore: processing data for table "efrm.rule_decision_upgrade"
pg_restore: processing data for table "efrm.rule_drl_context"
pg_restore: processing data for table "efrm.rule_group_master"
pg_restore: processing data for table "efrm.rule_group_source_binding"
pg_restore: processing data for table "efrm.rule_group_version"
pg_restore: processing data for table "efrm.rule_group_version_map"
pg_restore: processing data for table "efrm.rule_master"
pg_restore: processing data for table "efrm.rule_master_tag"
pg_restore: processing data for table "efrm.rule_metric_dependency"
pg_restore: processing data for table "efrm.rule_required_data"
pg_restore: processing data for table "efrm.rule_version"
pg_restore: processing data for table "efrm.rule_version_old"
pg_restore: processing data for table "efrm.rule_version_old1"
pg_restore: processing data for table "efrm.ruleengine_alert_old"
pg_restore: processing data for table "efrm.ruleengine_bulk_job"
pg_restore: processing data for table "efrm.ruleengine_bulk_job_item"
pg_restore: processing data for table "efrm.ruleengine_bulk_job_summary"
pg_restore: processing data for table "efrm.ruleengine_match_old"
pg_restore: processing data for table "efrm.screening_alert"
pg_restore: processing data for table "efrm.screening_bulk_job"
pg_restore: processing data for table "efrm.screening_bulk_job_item"
pg_restore: processing data for table "efrm.screening_bulk_job_summary"
pg_restore: processing data for table "efrm.screening_config_master"
pg_restore: processing data for table "efrm.screening_decision_threshold"
pg_restore: processing data for table "efrm.screening_entity"
pg_restore: processing data for table "efrm.screening_entity_field"
pg_restore: processing data for table "efrm.screening_entity_relation"
pg_restore: processing data for table "efrm.screening_field_config"
pg_restore: processing data for table "efrm.screening_group_config"
pg_restore: processing data for table "efrm.screening_identifier_config"
pg_restore: processing data for table "efrm.screening_match"
pg_restore: processing data for table "efrm.screening_request"
pg_restore: processing data for table "efrm.screening_result"
pg_restore: processing data for table "efrm.screening_risk_band"
pg_restore: processing data for table "efrm.screening_source_config"
pg_restore: processing data for table "efrm.security_audit_log"
pg_restore: processing data for table "efrm.security_capability"
pg_restore: processing data for table "efrm.security_check"
pg_restore: processing data for table "efrm.security_notification"
pg_restore: processing data for table "efrm.service_client"
pg_restore: processing data for table "efrm.service_token_jti"
pg_restore: processing data for table "efrm.sla_escalation"
pg_restore: processing data for table "efrm.sla_policy"
pg_restore: processing data for table "efrm.source_attribute_def"
pg_restore: processing data for table "efrm.source_column_mapping"
pg_restore: processing data for table "efrm.source_config"
pg_restore: processing data for table "efrm.source_system_master"
pg_restore: processing data for table "efrm.transaction_alert"
pg_restore: processing data for table "efrm.transaction_master"
pg_restore: processing data for table "efrm.transaction_match"
pg_restore: processing data for table "efrm.transaction_request"
pg_restore: processing data for table "efrm.transaction_result"
pg_restore: processing data for table "efrm.user_credential"
pg_restore: processing data for table "efrm.user_master"
pg_restore: processing data for table "efrm.user_password_history"
pg_restore: processing data for table "efrm.user_session"
pg_restore: processing data for table "efrm.whitelist_entry"
pg_restore: executing SEQUENCE SET adverse_alert_seq
pg_restore: executing SEQUENCE SET adverse_category_weight_seq
pg_restore: executing SEQUENCE SET adverse_config_master_seq
pg_restore: executing SEQUENCE SET adverse_country_risk_seq
pg_restore: executing SEQUENCE SET adverse_integration_config_id_seq
pg_restore: executing SEQUENCE SET adverse_match_seq
pg_restore: executing SEQUENCE SET adverse_recency_factor_seq
pg_restore: executing SEQUENCE SET adverse_request_seq
pg_restore: executing SEQUENCE SET adverse_result_seq
pg_restore: executing SEQUENCE SET adverse_risk_band_seq
pg_restore: executing SEQUENCE SET adverse_severity_score_seq
pg_restore: executing SEQUENCE SET adverse_source_weight_seq
pg_restore: executing SEQUENCE SET aggregated_metric_seq
pg_restore: executing SEQUENCE SET alert_category_master_id_seq
pg_restore: executing SEQUENCE SET alert_count_boost_config_id_seq
pg_restore: executing SEQUENCE SET audit_trail_seq
pg_restore: executing SEQUENCE SET bulk_file_upload_id_seq
pg_restore: executing SEQUENCE SET bulk_job_seq
pg_restore: executing SEQUENCE SET case_action_execution_log_log_id_seq
pg_restore: executing SEQUENCE SET case_action_execution_queue_execution_id_seq
pg_restore: executing SEQUENCE SET case_action_master_action_id_seq
pg_restore: executing SEQUENCE SET case_alert_mapping_id_seq
pg_restore: executing SEQUENCE SET case_assignment_assignment_id_seq
pg_restore: executing SEQUENCE SET case_assignment_config_config_id_seq
pg_restore: executing SEQUENCE SET case_config_master_id_seq
pg_restore: executing SEQUENCE SET case_decision_action_mapping_mapping_id_seq
pg_restore: executing SEQUENCE SET case_decision_master_decision_id_seq
pg_restore: executing SEQUENCE SET case_events_event_id_seq
pg_restore: executing SEQUENCE SET case_evidence_evidence_id_seq
pg_restore: executing SEQUENCE SET case_priority_master_id_seq
pg_restore: executing SEQUENCE SET case_recovery_recovery_id_seq
pg_restore: executing SEQUENCE SET case_score_breakdown_id_seq
pg_restore: executing SEQUENCE SET case_scoring_trace_id_seq
pg_restore: executing SEQUENCE SET case_sla_tracker_tracker_id_seq
pg_restore: executing SEQUENCE SET cases_case_id_seq
pg_restore: executing SEQUENCE SET category_correlation_config_id_seq
pg_restore: executing SEQUENCE SET chatbot_audit_log_id_seq
pg_restore: executing SEQUENCE SET critical_override_rules_id_seq
pg_restore: executing SEQUENCE SET dashboard_assignment_id_seq
pg_restore: executing SEQUENCE SET dashboard_variant_master_id_seq
pg_restore: executing SEQUENCE SET device_alert_id_seq
pg_restore: executing SEQUENCE SET device_master_id_seq
pg_restore: executing SEQUENCE SET device_match_id_seq
pg_restore: executing SEQUENCE SET device_request_id_seq
pg_restore: executing SEQUENCE SET device_result_id_seq
pg_restore: executing SEQUENCE SET efrm_service_config_id_seq
pg_restore: executing SEQUENCE SET engine_attribute_def_id_seq
pg_restore: executing SEQUENCE SET engine_flink_map_seq
pg_restore: executing SEQUENCE SET entity_definition_seq
pg_restore: executing SEQUENCE SET entity_device_map_entity_device_id_seq
pg_restore: executing SEQUENCE SET entity_graph_cluster_nodes_id_seq
pg_restore: executing SEQUENCE SET entity_graph_clusters_cluster_id_seq
pg_restore: executing SEQUENCE SET entity_graph_edges_edge_id_seq
pg_restore: executing SEQUENCE SET entity_graph_evidence_id_seq
pg_restore: executing SEQUENCE SET entity_graph_nodes_node_id_seq
pg_restore: executing SEQUENCE SET entity_graph_refresh_checkpoint_id_seq
pg_restore: executing SEQUENCE SET entity_graph_refresh_config_id_seq
pg_restore: executing SEQUENCE SET entity_graph_view_config_id_seq
pg_restore: executing SEQUENCE SET entity_master_entity_id_seq
pg_restore: executing SEQUENCE SET entity_relation_map_entity_relation_id_seq
pg_restore: executing SEQUENCE SET entity_risk_config_id_seq
pg_restore: executing SEQUENCE SET entity_risk_factor_breakdown_id_seq
pg_restore: executing SEQUENCE SET entity_risk_history_id_seq
pg_restore: executing SEQUENCE SET entity_risk_profile_id_seq
pg_restore: executing SEQUENCE SET enum_value_id_seq
pg_restore: executing SEQUENCE SET facts_definition_id_seq
pg_restore: executing SEQUENCE SET graph_dimension_config_id_seq
pg_restore: executing SEQUENCE SET graph_dimension_subtype_config_id_seq
pg_restore: executing SEQUENCE SET institution_type_id_seq
pg_restore: executing SEQUENCE SET integration_endpoint_config_endpoint_config_id_seq
pg_restore: executing SEQUENCE SET list_entity_alias_id_seq
pg_restore: executing SEQUENCE SET list_entity_id_seq
pg_restore: executing SEQUENCE SET list_normalized_address_id_seq
pg_restore: executing SEQUENCE SET list_source_id_seq
pg_restore: executing SEQUENCE SET list_version_id_seq
pg_restore: executing SEQUENCE SET metric_definition_seq
pg_restore: executing SEQUENCE SET ml_audit_event_audit_event_id_seq
pg_restore: executing SEQUENCE SET ml_data_generation_record_generation_record_id_seq
pg_restore: executing SEQUENCE SET ml_data_generation_run_generation_run_id_seq
pg_restore: executing SEQUENCE SET ml_deployment_allocation_deployment_allocation_id_seq
pg_restore: executing SEQUENCE SET ml_deployment_event_deployment_event_id_seq
pg_restore: executing SEQUENCE SET ml_deployment_plan_deployment_plan_id_seq
pg_restore: executing SEQUENCE SET ml_deployment_stage_deployment_stage_id_seq
pg_restore: executing SEQUENCE SET ml_feature_definition_feature_id_seq
pg_restore: executing SEQUENCE SET ml_feature_definition_metadata_seq
pg_restore: executing SEQUENCE SET ml_feature_set_feature_set_id_seq
pg_restore: executing SEQUENCE SET ml_feature_set_version_feature_set_version_id_seq
pg_restore: executing SEQUENCE SET ml_feedback_feedback_id_seq
pg_restore: executing SEQUENCE SET ml_inference_result_inference_id_seq
pg_restore: executing SEQUENCE SET ml_inference_review_review_id_seq
pg_restore: executing SEQUENCE SET ml_inference_shap_local_seq
pg_restore: executing SEQUENCE SET ml_job_dead_letter_dead_letter_id_seq
pg_restore: executing SEQUENCE SET ml_model_drift_summary_model_drift_summary_id_seq
pg_restore: executing SEQUENCE SET ml_model_explainability_profile_explainability_profile_id_seq
pg_restore: executing SEQUENCE SET ml_model_feature_drift_model_feature_drift_id_seq
pg_restore: executing SEQUENCE SET ml_model_governance_model_governance_id_seq
pg_restore: executing SEQUENCE SET ml_model_job_seq
pg_restore: executing SEQUENCE SET ml_model_performance_daily_model_performance_daily_id_seq
pg_restore: executing SEQUENCE SET ml_model_registry_model_id_seq
pg_restore: executing SEQUENCE SET ml_model_runtime_metrics_model_runtime_metrics_id_seq
pg_restore: executing SEQUENCE SET ml_model_shap_global_model_shap_global_id_seq
pg_restore: executing SEQUENCE SET ml_model_simulation_sample_simulation_sample_id_seq
pg_restore: executing SEQUENCE SET ml_model_version_model_version_id_seq
pg_restore: executing SEQUENCE SET ml_monitoring_alert_alert_id_seq
pg_restore: executing SEQUENCE SET ml_score_blending_policy_policy_id_seq
pg_restore: executing SEQUENCE SET ml_shadow_execution_shadow_execution_id_seq
pg_restore: executing SEQUENCE SET ml_simulation_result_simulation_result_id_seq
pg_restore: executing SEQUENCE SET ml_simulation_run_simulation_run_id_seq
pg_restore: executing SEQUENCE SET ml_training_dataset_dataset_id_seq
pg_restore: executing SEQUENCE SET ml_training_dataset_profile_model_training_dataset_profile__seq
pg_restore: executing SEQUENCE SET notification_queue_notification_id_seq
pg_restore: executing SEQUENCE SET notification_template_template_id_seq
pg_restore: executing SEQUENCE SET operator_id_seq
pg_restore: executing SEQUENCE SET reference_data_ref_id_seq
pg_restore: executing SEQUENCE SET report_assignment_id_seq
pg_restore: executing SEQUENCE SET report_variant_master_id_seq
pg_restore: executing SEQUENCE SET risk_event_log_id_seq
pg_restore: executing SEQUENCE SET risk_rating_config_id_seq
pg_restore: executing SEQUENCE SET risk_rating_decay_policy_config_id_seq
pg_restore: executing SEQUENCE SET risk_rating_decision_impact_config_id_seq
pg_restore: executing SEQUENCE SET risk_rating_domain_override_config_id_seq
pg_restore: executing SEQUENCE SET risk_rating_event_type_config_id_seq
pg_restore: executing SEQUENCE SET risk_rating_override_policy_id_seq
pg_restore: executing SEQUENCE SET risk_rating_relationship_risk_config_id_seq
pg_restore: executing SEQUENCE SET risk_rating_service_weight_config_id_seq
pg_restore: executing SEQUENCE SET risk_rating_tier_config_id_seq
pg_restore: executing SEQUENCE SET risk_rating_weight_config_id_seq
pg_restore: executing SEQUENCE SET risk_recalculation_job_id_seq
pg_restore: executing SEQUENCE SET rule_decision_policy_id_seq
pg_restore: executing SEQUENCE SET rule_drl_context_id_seq
pg_restore: executing SEQUENCE SET rule_group_master_id_seq
pg_restore: executing SEQUENCE SET rule_group_source_binding_id_seq
pg_restore: executing SEQUENCE SET rule_group_version_id_seq
pg_restore: executing SEQUENCE SET rule_group_version_map_id_seq
pg_restore: executing SEQUENCE SET rule_master_id_seq
pg_restore: executing SEQUENCE SET rule_master_tag_id_seq
pg_restore: executing SEQUENCE SET rule_metric_dependency_seq
pg_restore: executing SEQUENCE SET rule_required_data_seq
pg_restore: executing SEQUENCE SET rule_version_id_seq
pg_restore: executing SEQUENCE SET ruleengine_bulk_job_id_seq
pg_restore: executing SEQUENCE SET ruleengine_bulk_job_item_id_seq
pg_restore: executing SEQUENCE SET ruleengine_bulk_job_summary_id_seq
pg_restore: executing SEQUENCE SET ruleengine_decision_upgrade_id_seq
pg_restore: executing SEQUENCE SET screening_alert_id_seq
pg_restore: executing SEQUENCE SET screening_bulk_job_id_seq
pg_restore: executing SEQUENCE SET screening_bulk_job_item_id_seq
pg_restore: executing SEQUENCE SET screening_bulk_job_summary_id_seq
pg_restore: executing SEQUENCE SET screening_config_master_id_seq
pg_restore: executing SEQUENCE SET screening_config_seq
pg_restore: executing SEQUENCE SET screening_decision_threshold_id_seq
pg_restore: executing SEQUENCE SET screening_entity_field_field_id_seq
pg_restore: executing SEQUENCE SET screening_entity_id_seq
pg_restore: executing SEQUENCE SET screening_entity_relation_relation_id_seq
pg_restore: executing SEQUENCE SET screening_field_config_id_seq
pg_restore: executing SEQUENCE SET screening_group_config_id_seq
pg_restore: executing SEQUENCE SET screening_identifier_config_id_seq
pg_restore: executing SEQUENCE SET screening_match_id_seq
pg_restore: executing SEQUENCE SET screening_request_id_seq
pg_restore: executing SEQUENCE SET screening_result_id_seq
pg_restore: executing SEQUENCE SET screening_risk_band_id_seq
pg_restore: executing SEQUENCE SET screening_source_config_id_seq
pg_restore: executing SEQUENCE SET sla_escalation_escalation_id_seq
pg_restore: executing SEQUENCE SET sla_policy_sla_id_seq
pg_restore: executing SEQUENCE SET source_attribute_def_id_seq
pg_restore: executing SEQUENCE SET source_column_mapping_mapping_id_seq
pg_restore: executing SEQUENCE SET source_config_id_seq
pg_restore: executing SEQUENCE SET source_system_master_source_system_id_seq
pg_restore: executing SEQUENCE SET transaction_alert_seq
pg_restore: executing SEQUENCE SET transaction_master_id_seq
pg_restore: executing SEQUENCE SET transaction_match_seq
pg_restore: executing SEQUENCE SET transaction_request_seq
pg_restore: executing SEQUENCE SET transaction_result_seq
pg_restore: executing SEQUENCE SET user_password_history_seq
pg_restore: executing SEQUENCE SET whitelist_entry_id_seq
pg_restore: creating CONSTRAINT "efrm.account_lockout account_lockout_pkey"
pg_restore: creating CONSTRAINT "efrm.adverse_alert adverse_alert_pkey"
pg_restore: creating CONSTRAINT "efrm.adverse_alert adverse_alert_unique"
pg_restore: creating CONSTRAINT "efrm.adverse_category_weight adverse_category_weight_pkey"
pg_restore: creating CONSTRAINT "efrm.adverse_config_master adverse_config_master_pkey"
pg_restore: creating CONSTRAINT "efrm.adverse_config_master adverse_config_master_unique"
pg_restore: creating CONSTRAINT "efrm.adverse_country_risk adverse_country_risk_pkey"
pg_restore: creating CONSTRAINT "efrm.adverse_integration_config adverse_integration_config_pkey"
pg_restore: creating CONSTRAINT "efrm.adverse_integration_config adverse_integration_config_unique"
pg_restore: creating CONSTRAINT "efrm.adverse_match adverse_match_pkey"
pg_restore: creating CONSTRAINT "efrm.adverse_recency_factor adverse_recency_factor_pkey"
pg_restore: creating CONSTRAINT "efrm.adverse_request adverse_request_pkey"
pg_restore: creating CONSTRAINT "efrm.adverse_request adverse_request_request_id_key"
pg_restore: creating CONSTRAINT "efrm.adverse_result adverse_result_pkey"
pg_restore: creating CONSTRAINT "efrm.adverse_risk_band adverse_risk_band_pkey"
pg_restore: creating CONSTRAINT "efrm.adverse_severity_score adverse_severity_score_pkey"
pg_restore: creating CONSTRAINT "efrm.adverse_source_weight adverse_source_weight_pkey"
pg_restore: creating CONSTRAINT "efrm.aggregated_metric aggregated_metric_pkey"
pg_restore: creating CONSTRAINT "efrm.aggregated_metric aggregated_metric_unique"
pg_restore: creating CONSTRAINT "efrm.alembic_version alembic_version_pkc"
pg_restore: creating CONSTRAINT "efrm.alert_category_master alert_category_master_pkey"
pg_restore: creating CONSTRAINT "efrm.alert_category_master alert_category_master_unique"
pg_restore: creating CONSTRAINT "efrm.alert_count_boost_config alert_count_boost_config_pkey"
pg_restore: creating CONSTRAINT "efrm.alert_count_boost_config alert_count_boost_config_unique"
pg_restore: creating CONSTRAINT "efrm.audit_trail audit_trail_pkey"
pg_restore: creating CONSTRAINT "efrm.bulk_file_upload bulk_file_upload_pkey"
pg_restore: creating CONSTRAINT "efrm.bulk_file_upload bulk_file_upload_unique"
pg_restore: creating CONSTRAINT "efrm.bulk_job bulk_job_pkey"
pg_restore: creating CONSTRAINT "efrm.bulk_job bulk_job_unique"
pg_restore: creating CONSTRAINT "efrm.capability_endpoint_map capability_endpoint_map_pkey"
pg_restore: creating CONSTRAINT "efrm.case_action_execution_log case_action_execution_log_pkey"
pg_restore: creating CONSTRAINT "efrm.case_action_execution_queue case_action_execution_queue_pkey"
pg_restore: creating CONSTRAINT "efrm.case_action_master case_action_master_pkey"
pg_restore: creating CONSTRAINT "efrm.case_alert_mapping case_alert_mapping_pkey"
pg_restore: creating CONSTRAINT "efrm.case_alert_mapping case_alert_mapping_unique"
pg_restore: creating CONSTRAINT "efrm.assignment_config case_assignment_config_pkey"
pg_restore: creating CONSTRAINT "efrm.case_assignment case_assignment_pkey"
pg_restore: creating CONSTRAINT "efrm.case_config_master case_config_master_pkey"
pg_restore: creating CONSTRAINT "efrm.case_config_master case_config_master_unique"
pg_restore: creating CONSTRAINT "efrm.case_decision_action_mapping case_decision_action_mapping_pkey"
pg_restore: creating CONSTRAINT "efrm.case_decision_master case_decision_master_pkey"
pg_restore: creating CONSTRAINT "efrm.case_events case_events_pkey"
pg_restore: creating CONSTRAINT "efrm.case_evidence case_evidence_pkey"
pg_restore: creating CONSTRAINT "efrm.case_priority_master case_priority_master_pkey"
pg_restore: creating CONSTRAINT "efrm.case_priority_master case_priority_master_unique"
pg_restore: creating CONSTRAINT "efrm.case_recovery case_recovery_case_id_key"
pg_restore: creating CONSTRAINT "efrm.case_recovery case_recovery_pkey"
pg_restore: creating CONSTRAINT "efrm.case_score_breakdown case_score_breakdown_pkey"
pg_restore: creating CONSTRAINT "efrm.case_score_breakdown case_score_breakdown_unique"
pg_restore: creating CONSTRAINT "efrm.case_scoring_trace case_scoring_trace_pkey"
pg_restore: creating CONSTRAINT "efrm.case_scoring_trace case_scoring_trace_unique"
pg_restore: creating CONSTRAINT "efrm.case_sla_tracker case_sla_tracker_pkey"
pg_restore: creating CONSTRAINT "efrm.case_master cases_pkey"
pg_restore: creating CONSTRAINT "efrm.category_correlation_config category_correlation_config_pkey"
pg_restore: creating CONSTRAINT "efrm.category_correlation_config category_correlation_config_unique"
pg_restore: creating CONSTRAINT "efrm.chatbot_audit_log chatbot_audit_log_pkey"
pg_restore: creating CONSTRAINT "efrm.common_password_list common_password_list_pkey"
pg_restore: creating CONSTRAINT "efrm.critical_override_rules critical_override_rules_pkey"
pg_restore: creating CONSTRAINT "efrm.critical_override_rules critical_override_rules_unique"
pg_restore: creating CONSTRAINT "efrm.dashboard_assignment dashboard_assignment_pkey"
pg_restore: creating CONSTRAINT "efrm.dashboard_export_audit dashboard_export_audit_pkey"
pg_restore: creating CONSTRAINT "efrm.dashboard_variant_master dashboard_variant_master_pkey"
pg_restore: creating CONSTRAINT "efrm.device_alert device_alert_pkey"
pg_restore: creating CONSTRAINT "efrm.device_alert device_alert_unique"
pg_restore: creating CONSTRAINT "efrm.device_master device_master_pkey"
pg_restore: creating CONSTRAINT "efrm.device_match device_match_pkey"
pg_restore: creating CONSTRAINT "efrm.device_match device_match_unique"
pg_restore: creating CONSTRAINT "efrm.device_request device_request_pkey"
pg_restore: creating CONSTRAINT "efrm.device_request device_request_unique"
pg_restore: creating CONSTRAINT "efrm.device_result device_result_pkey"
pg_restore: creating CONSTRAINT "efrm.efrm_service_config efrm_service_config_pkey"
pg_restore: creating CONSTRAINT "efrm.engine_attribute_def engine_attribute_def_pkey"
pg_restore: creating CONSTRAINT "efrm.engine_attribute_def engine_attribute_def_unique"
pg_restore: creating CONSTRAINT "efrm.engine_flink_map engine_flink_map_pkey"
pg_restore: creating CONSTRAINT "efrm.engine_flink_map engine_flink_map_unique"
pg_restore: creating CONSTRAINT "efrm.entity_definition entity_definition_pkey"
pg_restore: creating CONSTRAINT "efrm.entity_definition entity_definition_unique"
pg_restore: creating CONSTRAINT "efrm.entity_device_map entity_device_map_pkey"
pg_restore: creating CONSTRAINT "efrm.entity_graph_cluster_nodes entity_graph_cluster_nodes_pkey"
pg_restore: creating CONSTRAINT "efrm.entity_graph_clusters entity_graph_clusters_pkey"
pg_restore: creating CONSTRAINT "efrm.entity_graph_edges entity_graph_edges_pkey"
pg_restore: creating CONSTRAINT "efrm.entity_graph_evidence entity_graph_evidence_pkey"
pg_restore: creating CONSTRAINT "efrm.entity_graph_nodes entity_graph_nodes_pkey"
pg_restore: creating CONSTRAINT "efrm.entity_graph_refresh_checkpoint entity_graph_refresh_checkpoint_pkey"
pg_restore: creating CONSTRAINT "efrm.entity_graph_refresh_config entity_graph_refresh_config_pkey"
pg_restore: creating CONSTRAINT "efrm.entity_graph_view_config entity_graph_view_config_pkey"
pg_restore: creating CONSTRAINT "efrm.entity_master entity_master_pkey"
pg_restore: creating CONSTRAINT "efrm.entity_relation_map entity_relation_map_pkey"
pg_restore: creating CONSTRAINT "efrm.entity_risk_aggregate entity_risk_aggregate_pkey"
pg_restore: creating CONSTRAINT "efrm.entity_risk_config entity_risk_config_pkey"
pg_restore: creating CONSTRAINT "efrm.entity_risk_config entity_risk_config_unique"
pg_restore: creating CONSTRAINT "efrm.entity_risk_factor_breakdown entity_risk_factor_breakdown_pkey"
pg_restore: creating CONSTRAINT "efrm.entity_risk_factor_breakdown entity_risk_factor_breakdown_unique"
pg_restore: creating CONSTRAINT "efrm.entity_risk_history entity_risk_history_pkey"
pg_restore: creating CONSTRAINT "efrm.entity_risk_history entity_risk_history_unique"
pg_restore: creating CONSTRAINT "efrm.entity_risk_profile entity_risk_profile_pkey"
pg_restore: creating CONSTRAINT "efrm.entity_risk_profile entity_risk_profile_unique"
pg_restore: creating CONSTRAINT "efrm.enum_value enum_value_pkey"
pg_restore: creating CONSTRAINT "efrm.enum_value enum_value_unique"
pg_restore: creating CONSTRAINT "efrm.facts_definition facts_definition_pkey"
pg_restore: creating CONSTRAINT "efrm.facts_definition facts_definition_unique"
pg_restore: creating CONSTRAINT "efrm.graph_dimension_config graph_dimension_config_pkey"
pg_restore: creating CONSTRAINT "efrm.graph_dimension_subtype_config graph_dimension_subtype_config_pkey"
pg_restore: creating CONSTRAINT "efrm.institution institution_pkey"
pg_restore: creating CONSTRAINT "efrm.institution_type institution_type_institution_type_key"
pg_restore: creating CONSTRAINT "efrm.institution_type institution_type_pkey"
pg_restore: creating CONSTRAINT "efrm.integration_endpoint_config integration_endpoint_config_pkey"
pg_restore: creating CONSTRAINT "efrm.list_entity_alias list_entity_alias_pkey"
pg_restore: creating CONSTRAINT "efrm.list_entity list_entity_pkey"
pg_restore: creating CONSTRAINT "efrm.list_normalized_address list_normalized_address_pkey"
pg_restore: creating CONSTRAINT "efrm.list_source list_source_pkey"
pg_restore: creating CONSTRAINT "efrm.list_source list_source_unique"
pg_restore: creating CONSTRAINT "efrm.list_version list_version_pkey"
pg_restore: creating CONSTRAINT "efrm.login_attempt login_attempt_pkey"
pg_restore: creating CONSTRAINT "efrm.menu_master menu_master_pkey"
pg_restore: creating CONSTRAINT "efrm.metric_definition metric_definition_pkey"
pg_restore: creating CONSTRAINT "efrm.metric_definition metric_definition_unique"
pg_restore: creating CONSTRAINT "efrm.ml_audit_event ml_audit_event_pkey"
pg_restore: creating CONSTRAINT "efrm.ml_data_generation_record ml_data_generation_record_pkey"
pg_restore: creating CONSTRAINT "efrm.ml_data_generation_run ml_data_generation_run_pkey"
pg_restore: creating CONSTRAINT "efrm.ml_deployment_allocation ml_deployment_allocation_pkey"
pg_restore: creating CONSTRAINT "efrm.ml_deployment_event ml_deployment_event_pkey"
pg_restore: creating CONSTRAINT "efrm.ml_deployment_plan ml_deployment_plan_pkey"
pg_restore: creating CONSTRAINT "efrm.ml_deployment_stage ml_deployment_stage_pkey"
pg_restore: creating CONSTRAINT "efrm.ml_feature_definition_metadata ml_feature_definition_metadata_pkey"
pg_restore: creating CONSTRAINT "efrm.ml_feature_definition_metadata ml_feature_definition_metadata_unique"
pg_restore: creating CONSTRAINT "efrm.ml_feature_definition ml_feature_definition_pkey"
pg_restore: creating CONSTRAINT "efrm.ml_feature_definition ml_feature_definition_unique"
pg_restore: creating CONSTRAINT "efrm.ml_feature_set ml_feature_set_pkey"
pg_restore: creating CONSTRAINT "efrm.ml_feature_set ml_feature_set_unique"
pg_restore: creating CONSTRAINT "efrm.ml_feature_set_version ml_feature_set_version_pkey"
pg_restore: creating CONSTRAINT "efrm.ml_feature_set_version ml_feature_set_version_unique"
pg_restore: creating CONSTRAINT "efrm.ml_feedback ml_feedback_pkey"
pg_restore: creating CONSTRAINT "efrm.ml_feedback ml_feedback_unique"
pg_restore: creating CONSTRAINT "efrm.ml_inference_result ml_inference_result_pkey"
pg_restore: creating CONSTRAINT "efrm.ml_inference_result ml_inference_result_unique"
pg_restore: creating CONSTRAINT "efrm.ml_inference_review ml_inference_review_pkey"
pg_restore: creating CONSTRAINT "efrm.ml_inference_shap_local ml_inference_shap_local_pkey"
pg_restore: creating CONSTRAINT "efrm.ml_inference_shap_local ml_inference_shap_local_unique"
pg_restore: creating CONSTRAINT "efrm.ml_job_dead_letter ml_job_dead_letter_pkey"
pg_restore: creating CONSTRAINT "efrm.ml_job_execution_state ml_job_execution_state_pkey"
pg_restore: creating CONSTRAINT "efrm.ml_model_drift_summary ml_model_drift_summary_pkey"
pg_restore: creating CONSTRAINT "efrm.ml_model_drift_summary ml_model_drift_summary_unique"
pg_restore: creating CONSTRAINT "efrm.ml_model_explainability_profile ml_model_explainability_profile_model_version_id_key"
pg_restore: creating CONSTRAINT "efrm.ml_model_explainability_profile ml_model_explainability_profile_pkey"
pg_restore: creating CONSTRAINT "efrm.ml_model_feature_drift ml_model_feature_drift_pkey"
pg_restore: creating CONSTRAINT "efrm.ml_model_feature_drift ml_model_feature_drift_unique"
pg_restore: creating CONSTRAINT "efrm.ml_model_governance ml_model_governance_pkey"
pg_restore: creating CONSTRAINT "efrm.ml_model_governance ml_model_governance_unique"
pg_restore: creating CONSTRAINT "efrm.ml_model_job ml_model_job_pkey"
pg_restore: creating CONSTRAINT "efrm.ml_model_performance_daily ml_model_performance_daily_pkey"
pg_restore: creating CONSTRAINT "efrm.ml_model_performance_daily ml_model_performance_daily_unique"
pg_restore: creating CONSTRAINT "efrm.ml_model_registry ml_model_registry_pkey"
pg_restore: creating CONSTRAINT "efrm.ml_model_registry ml_model_registry_unique"
pg_restore: creating CONSTRAINT "efrm.ml_model_runtime_metrics ml_model_runtime_metrics_pkey"
pg_restore: creating CONSTRAINT "efrm.ml_model_runtime_metrics ml_model_runtime_metrics_unique"
pg_restore: creating CONSTRAINT "efrm.ml_model_shap_global ml_model_shap_global_pkey"
pg_restore: creating CONSTRAINT "efrm.ml_model_shap_global ml_model_shap_global_unique"
pg_restore: creating CONSTRAINT "efrm.ml_model_simulation_sample ml_model_simulation_sample_pkey"
pg_restore: creating CONSTRAINT "efrm.ml_model_version ml_model_version_pkey"
pg_restore: creating CONSTRAINT "efrm.ml_model_version ml_model_version_unique"
pg_restore: creating CONSTRAINT "efrm.ml_monitoring_alert ml_monitoring_alert_pkey"
pg_restore: creating CONSTRAINT "efrm.ml_schema_migration ml_schema_migration_pkey"
pg_restore: creating CONSTRAINT "efrm.ml_score_blending_policy ml_score_blending_policy_pkey"
pg_restore: creating CONSTRAINT "efrm.ml_shadow_execution ml_shadow_execution_pkey"
pg_restore: creating CONSTRAINT "efrm.ml_simulation_result ml_simulation_result_pkey"
pg_restore: creating CONSTRAINT "efrm.ml_simulation_run ml_simulation_run_pkey"
pg_restore: creating CONSTRAINT "efrm.ml_training_dataset ml_training_dataset_pkey"
pg_restore: creating CONSTRAINT "efrm.ml_training_dataset_profile ml_training_dataset_profile_pkey"
pg_restore: creating CONSTRAINT "efrm.ml_training_dataset_profile ml_training_dataset_profile_unique"
pg_restore: creating CONSTRAINT "efrm.ml_worker_heartbeat ml_worker_heartbeat_pkey"
pg_restore: creating CONSTRAINT "efrm.notification_queue notification_queue_pkey"
pg_restore: creating CONSTRAINT "efrm.notification_template notification_template_pkey"
pg_restore: creating CONSTRAINT "efrm.operator_value operator_pkey"
pg_restore: creating CONSTRAINT "efrm.operator_value operator_value_unique"
pg_restore: creating CONSTRAINT "efrm.password_expiry_notice password_expiry_notice_pkey"
pg_restore: creating CONSTRAINT "efrm.password_policy_rule password_policy_rule_pkey"
pg_restore: creating CONSTRAINT "efrm.password_reset_token password_reset_token_pkey"
pg_restore: creating CONSTRAINT "efrm.product_master product_master_pkey"
pg_restore: creating CONSTRAINT "efrm.profile_capability profile_capability_pkey"
pg_restore: creating CONSTRAINT "efrm.profile_master profile_master_pkey"
pg_restore: creating CONSTRAINT "efrm.reference_data reference_data_pkey"
pg_restore: creating CONSTRAINT "efrm.reference_data reference_data_unique"
pg_restore: creating CONSTRAINT "efrm.refresh_token refresh_token_pkey"
pg_restore: creating CONSTRAINT "efrm.report_assignment report_assignment_pkey"
pg_restore: creating CONSTRAINT "efrm.report_export_audit report_export_audit_pkey"
pg_restore: creating CONSTRAINT "efrm.report_variant_master report_variant_master_pkey"
pg_restore: creating CONSTRAINT "efrm.risk_event_log risk_event_log_pkey"
pg_restore: creating CONSTRAINT "efrm.risk_event_log risk_event_log_unique"
pg_restore: creating CONSTRAINT "efrm.risk_rating_config risk_rating_config_pkey"
pg_restore: creating CONSTRAINT "efrm.risk_rating_config risk_rating_config_unique"
pg_restore: creating CONSTRAINT "efrm.risk_rating_decay_policy_config risk_rating_decay_policy_config_pkey"
pg_restore: creating CONSTRAINT "efrm.risk_rating_decision_impact_config risk_rating_decision_impact_config_pkey"
pg_restore: creating CONSTRAINT "efrm.risk_rating_domain_override_config risk_rating_domain_override_config_pkey"
pg_restore: creating CONSTRAINT "efrm.risk_rating_event_type_config risk_rating_event_type_config_pkey"
pg_restore: creating CONSTRAINT "efrm.risk_rating_override_policy risk_rating_override_policy_pkey"
pg_restore: creating CONSTRAINT "efrm.risk_rating_relationship_risk_config risk_rating_relationship_risk_config_pkey"
pg_restore: creating CONSTRAINT "efrm.risk_rating_service_weight_config risk_rating_service_weight_config_pkey"
pg_restore: creating CONSTRAINT "efrm.risk_rating_tier_config risk_rating_tier_config_pkey"
pg_restore: creating CONSTRAINT "efrm.risk_rating_weight_config risk_rating_weight_config_pkey"
pg_restore: creating CONSTRAINT "efrm.risk_recalculation_job risk_recalculation_job_pkey"
pg_restore: creating CONSTRAINT "efrm.rule_decision_policy rule_decision_policy_pkey"
pg_restore: creating CONSTRAINT "efrm.rule_decision_policy rule_decision_policy_unique"
pg_restore: creating CONSTRAINT "efrm.rule_decision_upgrade rule_decision_upgrade_pkey"
pg_restore: creating CONSTRAINT "efrm.rule_decision_upgrade rule_decision_upgrade_unique"
pg_restore: creating CONSTRAINT "efrm.rule_drl_context rule_drl_context_pkey"
pg_restore: creating CONSTRAINT "efrm.rule_drl_context rule_drl_context_unique"
pg_restore: creating CONSTRAINT "efrm.rule_group_master rule_group_master_pkey"
pg_restore: creating CONSTRAINT "efrm.rule_group_master rule_group_master_unique"
pg_restore: creating CONSTRAINT "efrm.rule_group_source_binding rule_group_source_binding_pkey"
pg_restore: creating CONSTRAINT "efrm.rule_group_source_binding rule_group_source_binding_unique"
pg_restore: creating CONSTRAINT "efrm.rule_group_version_map rule_group_version_map_pkey"
pg_restore: creating CONSTRAINT "efrm.rule_group_version_map rule_group_version_map_unique"
pg_restore: creating CONSTRAINT "efrm.rule_group_version rule_group_version_pkey"
pg_restore: creating CONSTRAINT "efrm.rule_group_version rule_group_version_unique"
pg_restore: creating CONSTRAINT "efrm.rule_master rule_master_pkey"
pg_restore: creating CONSTRAINT "efrm.rule_master_tag rule_master_tag_pkey"
pg_restore: creating CONSTRAINT "efrm.rule_master_tag rule_master_tag_unique"
pg_restore: creating CONSTRAINT "efrm.rule_master rule_master_unique"
pg_restore: creating CONSTRAINT "efrm.rule_metric_dependency rule_metric_dependency_pkey"
pg_restore: creating CONSTRAINT "efrm.rule_metric_dependency rule_metric_dependency_unique"
pg_restore: creating CONSTRAINT "efrm.rule_required_data rule_required_data_pkey"
pg_restore: creating CONSTRAINT "efrm.rule_version rule_version_pkey"
pg_restore: creating CONSTRAINT "efrm.rule_version rule_version_unique"
pg_restore: creating CONSTRAINT "efrm.transaction_alert ruleengine_alert_pkey"
pg_restore: creating CONSTRAINT "efrm.transaction_alert ruleengine_alert_unique"
pg_restore: creating CONSTRAINT "efrm.ruleengine_bulk_job_item ruleengine_bulk_job_item_pkey"
pg_restore: creating CONSTRAINT "efrm.ruleengine_bulk_job ruleengine_bulk_job_pkey"
pg_restore: creating CONSTRAINT "efrm.ruleengine_bulk_job_summary ruleengine_bulk_job_summary_pkey"
pg_restore: creating CONSTRAINT "efrm.ruleengine_bulk_job_summary ruleengine_bulk_job_summary_unique"
pg_restore: creating CONSTRAINT "efrm.ruleengine_bulk_job ruleengine_bulk_job_unique"
pg_restore: creating CONSTRAINT "efrm.transaction_match ruleengine_match_pkey"
pg_restore: creating CONSTRAINT "efrm.transaction_match ruleengine_match_unique"
pg_restore: creating CONSTRAINT "efrm.transaction_request ruleengine_request_pkey"
pg_restore: creating CONSTRAINT "efrm.transaction_request ruleengine_request_unique"
pg_restore: creating CONSTRAINT "efrm.transaction_result ruleengine_result_pkey"
pg_restore: creating CONSTRAINT "efrm.screening_alert screening_alert_pkey"
pg_restore: creating CONSTRAINT "efrm.screening_alert screening_alert_unique"
pg_restore: creating CONSTRAINT "efrm.screening_bulk_job_item screening_bulk_job_item_pkey"
pg_restore: creating CONSTRAINT "efrm.screening_bulk_job screening_bulk_job_pkey"
pg_restore: creating CONSTRAINT "efrm.screening_bulk_job_summary screening_bulk_job_summary_pkey"
pg_restore: creating CONSTRAINT "efrm.screening_bulk_job_summary screening_bulk_job_summary_unique"
pg_restore: creating CONSTRAINT "efrm.screening_bulk_job screening_bulk_job_unique"
pg_restore: creating CONSTRAINT "efrm.screening_config_master screening_config_master_pkey"
pg_restore: creating CONSTRAINT "efrm.screening_config_master screening_config_master_unique"
pg_restore: creating CONSTRAINT "efrm.screening_decision_threshold screening_decision_threshold_pkey"
pg_restore: creating CONSTRAINT "efrm.screening_decision_threshold screening_decision_threshold_unique"
pg_restore: creating CONSTRAINT "efrm.screening_entity screening_entity_entity_type_unique"
pg_restore: creating CONSTRAINT "efrm.screening_entity_field screening_entity_field_pkey"
pg_restore: creating CONSTRAINT "efrm.screening_entity_field screening_entity_field_unique"
pg_restore: creating CONSTRAINT "efrm.screening_entity screening_entity_pkey"
pg_restore: creating CONSTRAINT "efrm.screening_entity_relation screening_entity_relation_pkey"
pg_restore: creating CONSTRAINT "efrm.screening_field_config screening_field_config_pkey"
pg_restore: creating CONSTRAINT "efrm.screening_field_config screening_field_config_unique"
pg_restore: creating CONSTRAINT "efrm.screening_group_config screening_group_config_pkey"
pg_restore: creating CONSTRAINT "efrm.screening_group_config screening_group_config_unique"
pg_restore: creating CONSTRAINT "efrm.screening_identifier_config screening_identifier_config_pkey"
pg_restore: creating CONSTRAINT "efrm.screening_identifier_config screening_identifier_config_unique"
pg_restore: creating CONSTRAINT "efrm.screening_match screening_match_pkey"
pg_restore: creating CONSTRAINT "efrm.screening_request screening_request_pkey"
pg_restore: creating CONSTRAINT "efrm.screening_request screening_request_unique"
pg_restore: creating CONSTRAINT "efrm.screening_result screening_result_pkey"
pg_restore: creating CONSTRAINT "efrm.screening_risk_band screening_risk_band_pkey"
pg_restore: creating CONSTRAINT "efrm.screening_risk_band screening_risk_band_unique"
pg_restore: creating CONSTRAINT "efrm.screening_source_config screening_source_config_pkey"
pg_restore: creating CONSTRAINT "efrm.screening_source_config screening_source_config_unique"
pg_restore: creating CONSTRAINT "efrm.security_audit_log security_audit_log_pkey"
pg_restore: creating CONSTRAINT "efrm.security_capability security_capability_pkey"
pg_restore: creating CONSTRAINT "efrm.security_check security_check_pkey"
pg_restore: creating CONSTRAINT "efrm.security_notification security_notification_pkey"
pg_restore: creating CONSTRAINT "efrm.service_client service_client_pkey"
pg_restore: creating CONSTRAINT "efrm.service_token_jti service_token_jti_pkey"
pg_restore: creating CONSTRAINT "efrm.sla_escalation sla_escalation_pkey"
pg_restore: creating CONSTRAINT "efrm.sla_policy sla_policy_pkey"
pg_restore: creating CONSTRAINT "efrm.source_attribute_def source_attribute_def_pkey"
pg_restore: creating CONSTRAINT "efrm.source_attribute_def source_attribute_def_unique"
pg_restore: creating CONSTRAINT "efrm.source_column_mapping source_column_mapping_pkey"
pg_restore: creating CONSTRAINT "efrm.source_column_mapping source_column_mapping_unique"
pg_restore: creating CONSTRAINT "efrm.source_config source_config_pkey"
pg_restore: creating CONSTRAINT "efrm.source_config source_config_unique"
pg_restore: creating CONSTRAINT "efrm.source_system_master source_system_master_pkey"
pg_restore: creating CONSTRAINT "efrm.transaction_master transaction_master_pkey"
pg_restore: creating CONSTRAINT "efrm.transaction_master transaction_master_unique"
pg_restore: creating CONSTRAINT "efrm.capability_endpoint_map uk_cemap_route"
pg_restore: creating CONSTRAINT "efrm.common_password_list uk_cpwd_hash"
pg_restore: creating CONSTRAINT "efrm.efrm_service_config uk_efrm_service_config"
pg_restore: creating CONSTRAINT "efrm.entity_graph_cluster_nodes uk_entity_graph_cluster_nodes"
pg_restore: creating CONSTRAINT "efrm.entity_graph_clusters uk_entity_graph_clusters"
pg_restore: creating CONSTRAINT "efrm.entity_graph_refresh_checkpoint uk_entity_graph_refresh_checkpoint"
pg_restore: creating CONSTRAINT "efrm.entity_graph_refresh_config uk_entity_graph_refresh_config"
pg_restore: creating CONSTRAINT "efrm.entity_graph_view_config uk_entity_graph_view_config"
pg_restore: creating CONSTRAINT "efrm.graph_dimension_subtype_config uk_graph_dimension_subtype_config"
pg_restore: creating CONSTRAINT "efrm.password_reset_token uk_prst_hash"
pg_restore: creating CONSTRAINT "efrm.refresh_token uk_rft_hash"
pg_restore: creating CONSTRAINT "efrm.risk_rating_decay_policy_config uk_risk_rating_decay_policy"
pg_restore: creating CONSTRAINT "efrm.risk_rating_decision_impact_config uk_risk_rating_decision_impact"
pg_restore: creating CONSTRAINT "efrm.risk_rating_domain_override_config uk_risk_rating_domain_override"
pg_restore: creating CONSTRAINT "efrm.risk_rating_event_type_config uk_risk_rating_event_type"
pg_restore: creating CONSTRAINT "efrm.risk_rating_override_policy uk_risk_rating_override_policy"
pg_restore: creating CONSTRAINT "efrm.risk_rating_relationship_risk_config uk_risk_rating_relationship_risk"
pg_restore: creating CONSTRAINT "efrm.risk_rating_tier_config uk_risk_rating_risk_tier"
pg_restore: creating CONSTRAINT "efrm.risk_rating_service_weight_config uk_risk_rating_service_weight"
pg_restore: creating CONSTRAINT "efrm.risk_rating_weight_config uk_risk_rating_weight"
pg_restore: creating CONSTRAINT "efrm.user_session uk_usess_jti"
pg_restore: creating CONSTRAINT "efrm.user_session uk_usess_token"
pg_restore: creating CONSTRAINT "efrm.adverse_result uq_adv_result_id_request"
pg_restore: creating CONSTRAINT "efrm.adverse_match uq_adverse_match_result_article_hash"
pg_restore: creating CONSTRAINT "efrm.case_action_master uq_case_action_code"
pg_restore: creating CONSTRAINT "efrm.case_action_execution_queue uq_case_action_idempotency_key"
pg_restore: creating CONSTRAINT "efrm.case_decision_action_mapping uq_case_decision_action_mapping"
pg_restore: creating CONSTRAINT "efrm.case_decision_master uq_case_decision_scope"
pg_restore: creating CONSTRAINT "efrm.dashboard_assignment uq_dash_assign_version"
pg_restore: creating CONSTRAINT "efrm.dashboard_variant_master uq_dash_variant_res_code"
pg_restore: creating CONSTRAINT "efrm.entity_device_map uq_entity_device"
pg_restore: creating CONSTRAINT "efrm.entity_master uq_entity_institution_external"
pg_restore: creating CONSTRAINT "efrm.entity_relation_map uq_entity_relation"
pg_restore: creating CONSTRAINT "efrm.integration_endpoint_config uq_integration_endpoint_action_target"
pg_restore: creating CONSTRAINT "efrm.ml_data_generation_record uq_ml_data_generation_record_entity"
pg_restore: creating CONSTRAINT "efrm.ml_data_generation_run uq_ml_data_generation_run_code"
pg_restore: creating CONSTRAINT "efrm.ml_deployment_allocation uq_ml_deployment_allocation_routing_key"
pg_restore: creating CONSTRAINT "efrm.ml_deployment_stage uq_ml_deployment_stage_order"
pg_restore: creating CONSTRAINT "efrm.ml_feature_definition uq_ml_feature_definition_order"
pg_restore: creating CONSTRAINT "efrm.ml_model_simulation_sample uq_ml_model_simulation_sample_code"
pg_restore: creating CONSTRAINT "efrm.ml_simulation_result uq_ml_simulation_result_row"
pg_restore: creating CONSTRAINT "efrm.ml_simulation_result uq_ml_simulation_result_simulation_id"
pg_restore: creating CONSTRAINT "efrm.ml_simulation_run uq_ml_simulation_run_code"
pg_restore: creating CONSTRAINT "efrm.ml_training_dataset uq_ml_training_dataset_code"
pg_restore: creating CONSTRAINT "efrm.report_assignment uq_rep_assign_version"
pg_restore: creating CONSTRAINT "efrm.report_variant_master uq_rep_variant_code"
pg_restore: creating CONSTRAINT "efrm.screening_result uq_scr_result_id_request"
pg_restore: creating CONSTRAINT "efrm.screening_entity_relation uq_screening_entity_relation"
pg_restore: creating CONSTRAINT "efrm.source_system_master uq_source_system_institution_code"
pg_restore: creating CONSTRAINT "efrm.user_credential user_credential_pkey"
pg_restore: creating CONSTRAINT "efrm.user_master user_master_pkey"
pg_restore: creating CONSTRAINT "efrm.user_password_history user_password_history_pkey"
pg_restore: creating CONSTRAINT "efrm.user_session user_session_pkey"
pg_restore: creating CONSTRAINT "efrm.whitelist_entry whitelist_entry_pkey"
pg_restore: creating CONSTRAINT "efrm.whitelist_entry whitelist_entry_unique"
pg_restore: creating INDEX "efrm.audit_trail_action_type_idx"
pg_restore: creating INDEX "efrm.audit_trail_created_at_idx"
pg_restore: creating INDEX "efrm.audit_trail_table_name_idx"
pg_restore: creating INDEX "efrm.audit_trail_user_name_idx"
pg_restore: creating INDEX "efrm.case_sla_tracker_case_id_idx"
pg_restore: creating INDEX "efrm.device_master_institution_request_id_uq"
pg_restore: creating INDEX "efrm.entity_device_map_entity_id_idx"
pg_restore: creating INDEX "efrm.entity_relation_map_entity_id_idx"
pg_restore: creating INDEX "efrm.idx_adverse_alert_request_id"
pg_restore: creating INDEX "efrm.idx_adverse_alert_result_id"
pg_restore: creating INDEX "efrm.idx_adverse_alert_status"
pg_restore: creating INDEX "efrm.idx_adverse_integration_config_institution_provider_active"
pg_restore: creating INDEX "efrm.idx_adverse_integration_config_master"
pg_restore: creating INDEX "efrm.idx_adverse_integration_inst_provider_active"
pg_restore: creating INDEX "efrm.idx_adverse_match_url"
pg_restore: creating INDEX "efrm.idx_adverse_request_created_at"
pg_restore: creating INDEX "efrm.idx_adverse_request_entity_id"
pg_restore: creating INDEX "efrm.idx_adverse_request_entity_type"
pg_restore: creating INDEX "efrm.idx_adverse_result_risk_score"
pg_restore: creating INDEX "efrm.idx_bulk_job_last_heartbeat_at"
pg_restore: creating INDEX "efrm.idx_bulk_job_source_status"
pg_restore: creating INDEX "efrm.idx_bulk_job_status"
pg_restore: creating INDEX "efrm.idx_cemap_cap_status"
pg_restore: creating INDEX "efrm.idx_cemap_service_path"
pg_restore: creating INDEX "efrm.idx_entity_graph_cluster_nodes_cluster"
pg_restore: creating INDEX "efrm.idx_entity_graph_cluster_nodes_node"
pg_restore: creating INDEX "efrm.idx_entity_graph_clusters_risk"
pg_restore: creating INDEX "efrm.idx_entity_graph_clusters_status"
pg_restore: creating INDEX "efrm.idx_entity_graph_edges_confidence"
pg_restore: creating INDEX "efrm.idx_entity_graph_edges_dimension"
pg_restore: creating INDEX "efrm.idx_entity_graph_edges_source"
pg_restore: creating INDEX "efrm.idx_entity_graph_edges_target"
pg_restore: creating INDEX "efrm.idx_entity_graph_evidence_case"
pg_restore: creating INDEX "efrm.idx_entity_graph_evidence_edge"
pg_restore: creating INDEX "efrm.idx_entity_graph_evidence_rule"
pg_restore: creating INDEX "efrm.idx_entity_graph_evidence_source"
pg_restore: creating INDEX "efrm.idx_entity_graph_evidence_time"
pg_restore: creating INDEX "efrm.idx_entity_graph_evidence_transaction"
pg_restore: creating INDEX "efrm.idx_entity_graph_nodes_dimension"
pg_restore: creating INDEX "efrm.idx_entity_graph_nodes_institution"
pg_restore: creating INDEX "efrm.idx_entity_graph_nodes_type"
pg_restore: creating INDEX "efrm.idx_entity_graph_refresh_checkpoint_status"
pg_restore: creating INDEX "efrm.idx_entity_graph_refresh_config_due"
pg_restore: creating INDEX "efrm.idx_entity_graph_view_config_enabled"
pg_restore: creating INDEX "efrm.idx_entity_risk_factor_entity"
pg_restore: creating INDEX "efrm.idx_entity_risk_factor_entity_time"
pg_restore: creating INDEX "efrm.idx_entity_risk_factor_event"
pg_restore: creating INDEX "efrm.idx_entity_risk_factor_reference"
pg_restore: creating INDEX "efrm.idx_entity_risk_history_entity"
pg_restore: creating INDEX "efrm.idx_entity_risk_score"
pg_restore: creating INDEX "efrm.idx_entity_risk_tier"
pg_restore: creating INDEX "efrm.idx_graph_dimension_config_enabled"
pg_restore: creating INDEX "efrm.idx_graph_dimension_config_entity_type"
pg_restore: creating INDEX "efrm.idx_graph_dimension_config_source_table"
pg_restore: creating INDEX "efrm.idx_graph_dimension_subtype_enabled"
pg_restore: creating INDEX "efrm.idx_lgat_name_time"
pg_restore: creating INDEX "efrm.idx_lgat_user_time"
pg_restore: creating INDEX "efrm.idx_list_addr_country"
pg_restore: creating INDEX "efrm.idx_list_addr_postal"
pg_restore: creating INDEX "efrm.idx_list_addr_tokens"
pg_restore: creating INDEX "efrm.idx_list_alias_arabic_trgm"
pg_restore: creating INDEX "efrm.idx_list_alias_translit_trgm"
pg_restore: creating INDEX "efrm.idx_list_entity_alias_list_entity_id"
pg_restore: creating INDEX "efrm.idx_list_entity_arabic_trgm"
pg_restore: creating INDEX "efrm.idx_list_entity_country"
pg_restore: creating INDEX "efrm.idx_list_entity_entity_type"
pg_restore: creating INDEX "efrm.idx_list_entity_list_version_id"
pg_restore: creating INDEX "efrm.idx_list_entity_normalized_name_prefix"
pg_restore: creating INDEX "efrm.idx_list_entity_screening_filters"
pg_restore: creating INDEX "efrm.idx_list_entity_translit_trgm"
pg_restore: creating INDEX "efrm.idx_list_source_is_active"
pg_restore: creating INDEX "efrm.idx_list_version_source_code_status_loaded"
pg_restore: creating INDEX "efrm.idx_list_version_source_config_status_loaded"
pg_restore: creating INDEX "efrm.idx_lock_user_active"
pg_restore: creating INDEX "efrm.idx_mf_inference"
pg_restore: creating INDEX "efrm.idx_mfdm_feature_order"
pg_restore: creating INDEX "efrm.idx_mir_status"
pg_restore: creating INDEX "efrm.idx_mir_txn"
pg_restore: creating INDEX "efrm.idx_misl_inference_rank"
pg_restore: creating INDEX "efrm.idx_misl_model_version"
pg_restore: creating INDEX "efrm.idx_ml_audit_event_aggregate"
pg_restore: creating INDEX "efrm.idx_ml_audit_event_timeline"
pg_restore: creating INDEX "efrm.idx_ml_data_generation_record_lookup"
pg_restore: creating INDEX "efrm.idx_ml_data_generation_run_tenant"
pg_restore: creating INDEX "efrm.idx_ml_deployment_allocation_version"
pg_restore: creating INDEX "efrm.idx_ml_deployment_event_timeline"
pg_restore: creating INDEX "efrm.idx_ml_deployment_plan_context"
pg_restore: creating INDEX "efrm.idx_ml_feature_definition_contract_order"
pg_restore: creating INDEX "efrm.idx_ml_inference_result_monitoring"
pg_restore: creating INDEX "efrm.idx_ml_inference_review_inference"
pg_restore: creating INDEX "efrm.idx_ml_model_job_queue"
pg_restore: creating INDEX "efrm.idx_ml_model_version_approval_queue"
pg_restore: creating INDEX "efrm.idx_ml_monitoring_alert_open"
pg_restore: creating INDEX "efrm.idx_ml_shadow_execution_plan"
pg_restore: creating INDEX "efrm.idx_ml_shadow_execution_queue"
pg_restore: creating INDEX "efrm.idx_ml_shadow_execution_tenant"
pg_restore: creating INDEX "efrm.idx_ml_simulation_result_run"
pg_restore: creating INDEX "efrm.idx_ml_simulation_run_model"
pg_restore: creating INDEX "efrm.idx_ml_simulation_run_tenant"
pg_restore: creating INDEX "efrm.idx_ml_training_dataset_status"
pg_restore: creating INDEX "efrm.idx_ml_worker_heartbeat_last_seen"
pg_restore: creating INDEX "efrm.idx_mmds_version"
pg_restore: creating INDEX "efrm.idx_mmg_version"
pg_restore: creating INDEX "efrm.idx_mmj_job_status"
pg_restore: creating INDEX "efrm.idx_mmj_version_type"
pg_restore: creating INDEX "efrm.idx_mmpd_date"
pg_restore: creating INDEX "efrm.idx_mmr_lookup"
pg_restore: creating INDEX "efrm.idx_mmv_version"
pg_restore: creating INDEX "efrm.idx_pcap_capability"
pg_restore: creating INDEX "efrm.idx_pexp_user_status"
pg_restore: creating INDEX "efrm.idx_prst_user_exp"
pg_restore: creating INDEX "efrm.idx_rft_parent"
pg_restore: creating INDEX "efrm.idx_rft_sess_exp"
pg_restore: creating INDEX "efrm.idx_rft_user_exp"
pg_restore: creating INDEX "efrm.idx_risk_event_entity"
pg_restore: creating INDEX "efrm.idx_risk_event_entity_source_time"
pg_restore: creating INDEX "efrm.idx_risk_event_source"
pg_restore: creating INDEX "efrm.idx_risk_rating_domain_override_lookup"
pg_restore: creating INDEX "efrm.idx_risk_recalculation_job_scope"
pg_restore: creating INDEX "efrm.idx_risk_recalculation_job_status"
pg_restore: creating INDEX "efrm.idx_saud_evt_out"
pg_restore: creating INDEX "efrm.idx_saud_request"
pg_restore: creating INDEX "efrm.idx_saud_sess_time"
pg_restore: creating INDEX "efrm.idx_saud_usr_evt"
pg_restore: creating INDEX "efrm.idx_scap_module_resource"
pg_restore: creating INDEX "efrm.idx_scap_product_menu"
pg_restore: creating INDEX "efrm.idx_screening_request_channel"
pg_restore: creating INDEX "efrm.idx_screening_request_client_request_id"
pg_restore: creating INDEX "efrm.idx_screening_request_entity_id"
pg_restore: creating INDEX "efrm.idx_screening_request_entity_type"
pg_restore: creating INDEX "efrm.idx_screening_result_created_at"
pg_restore: creating INDEX "efrm.idx_screening_result_decision"
pg_restore: creating INDEX "efrm.idx_screening_result_request_item_order"
pg_restore: creating INDEX "efrm.idx_screening_result_risk_band"
pg_restore: creating INDEX "efrm.idx_stjti_client_exp"
pg_restore: creating INDEX "efrm.idx_ucred_user_active"
pg_restore: creating INDEX "efrm.idx_usess_abs_st"
pg_restore: creating INDEX "efrm.idx_usess_exp_st"
pg_restore: creating INDEX "efrm.idx_usess_user_st"
pg_restore: creating INDEX "efrm.idx_whitelist_entry_list_entity_id"
pg_restore: creating INDEX "efrm.ix_bulk_file_inst_time"
pg_restore: creating INDEX "efrm.ix_case_action_case_code_id"
pg_restore: creating INDEX "efrm.ix_case_action_execution_queue_case"
pg_restore: creating INDEX "efrm.ix_case_action_execution_queue_due"
pg_restore: creating INDEX "efrm.ix_case_evt_type_time_case"
pg_restore: creating INDEX "efrm.ix_case_inst_created_id"
pg_restore: creating INDEX "efrm.ix_case_map_source_alert"
pg_restore: creating INDEX "efrm.ix_dash_assign_resolve"
pg_restore: creating INDEX "efrm.ix_dash_export_actor_time"
pg_restore: creating INDEX "efrm.ix_dash_variant_resolve"
pg_restore: creating INDEX "efrm.ix_efrm_adverse_match_result_id"
pg_restore: creating INDEX "efrm.ix_efrm_adverse_result_request_id"
pg_restore: creating INDEX "efrm.ix_efrm_aggregated_metric_entity_id"
pg_restore: creating INDEX "efrm.ix_efrm_aggregated_metric_entity_type"
pg_restore: creating INDEX "efrm.ix_efrm_aggregated_metric_institution_id"
pg_restore: creating INDEX "efrm.ix_efrm_aggregated_metric_lookup"
pg_restore: creating INDEX "efrm.ix_efrm_aggregated_metric_metric_code"
pg_restore: creating INDEX "efrm.ix_efrm_bulk_file_upload_id"
pg_restore: creating INDEX "efrm.ix_efrm_case_assignment_assignment_id"
pg_restore: creating INDEX "efrm.ix_efrm_case_assignment_config_config_id"
pg_restore: creating INDEX "efrm.ix_efrm_case_events_event_id"
pg_restore: creating INDEX "efrm.ix_efrm_case_evidence_evidence_id"
pg_restore: creating INDEX "efrm.ix_efrm_case_recovery_recovery_id"
pg_restore: creating INDEX "efrm.ix_efrm_case_sla_tracker_tracker_id"
pg_restore: creating INDEX "efrm.ix_efrm_chatbot_audit_log_id"
pg_restore: creating INDEX "efrm.ix_efrm_engine_attribute_def_id"
pg_restore: creating INDEX "efrm.ix_efrm_engine_flink_map_context_code"
pg_restore: creating INDEX "efrm.ix_efrm_engine_flink_map_flink_event_key"
pg_restore: creating INDEX "efrm.ix_efrm_engine_flink_map_rule_engine_key"
pg_restore: creating INDEX "efrm.ix_efrm_entity_device_map_entity_device_id"
pg_restore: creating INDEX "efrm.ix_efrm_entity_graph_edges_edge_id"
pg_restore: creating INDEX "efrm.ix_efrm_entity_graph_nodes_node_id"
pg_restore: creating INDEX "efrm.ix_efrm_entity_master_entity_id"
pg_restore: creating INDEX "efrm.ix_efrm_entity_relation_map_entity_relation_id"
pg_restore: creating INDEX "efrm.ix_efrm_enum_value_id"
pg_restore: creating INDEX "efrm.ix_efrm_facts_definition_source_system_id"
pg_restore: creating INDEX "efrm.ix_efrm_list_entity_alias_id"
pg_restore: creating INDEX "efrm.ix_efrm_list_entity_id"
pg_restore: creating INDEX "efrm.ix_efrm_list_normalized_address_id"
pg_restore: creating INDEX "efrm.ix_efrm_list_normalized_address_list_entity_id"
pg_restore: creating INDEX "efrm.ix_efrm_list_source_id"
pg_restore: creating INDEX "efrm.ix_efrm_list_version_id"
pg_restore: creating INDEX "efrm.ix_efrm_metric_definition_metric_code"
pg_restore: creating INDEX "efrm.ix_efrm_ml_score_blending_policy_policy_id"
pg_restore: creating INDEX "efrm.ix_efrm_notification_queue_notification_id"
pg_restore: creating INDEX "efrm.ix_efrm_notification_template_template_id"
pg_restore: creating INDEX "efrm.ix_efrm_operator_id"
pg_restore: creating INDEX "efrm.ix_efrm_reference_data_ref_id"
pg_restore: creating INDEX "efrm.ix_efrm_rule_decision_policy_id"
pg_restore: creating INDEX "efrm.ix_efrm_rule_drl_context_context_code"
pg_restore: creating INDEX "efrm.ix_efrm_rule_group_master_group_code"
pg_restore: creating INDEX "efrm.ix_efrm_rule_group_source_binding_id"
pg_restore: creating INDEX "efrm.ix_efrm_rule_group_version_id"
pg_restore: creating INDEX "efrm.ix_efrm_rule_group_version_map_id"
pg_restore: creating INDEX "efrm.ix_efrm_rule_master_rule_code"
pg_restore: creating INDEX "efrm.ix_efrm_rule_required_data_rule_version_id"
pg_restore: creating INDEX "efrm.ix_efrm_rule_version_id"
pg_restore: creating INDEX "efrm.ix_efrm_ruleengine_alert_id"
pg_restore: creating INDEX "efrm.ix_efrm_ruleengine_bulk_job_id"
pg_restore: creating INDEX "efrm.ix_efrm_ruleengine_bulk_job_item_id"
pg_restore: creating INDEX "efrm.ix_efrm_ruleengine_bulk_job_summary_id"
pg_restore: creating INDEX "efrm.ix_efrm_ruleengine_decision_upgrade_id"
pg_restore: creating INDEX "efrm.ix_efrm_ruleengine_match_id"
pg_restore: creating INDEX "efrm.ix_efrm_ruleengine_request_id"
pg_restore: creating INDEX "efrm.ix_efrm_ruleengine_result_id"
pg_restore: creating INDEX "efrm.ix_efrm_screening_alert_alert_id"
pg_restore: creating INDEX "efrm.ix_efrm_screening_alert_entity_id"
pg_restore: creating INDEX "efrm.ix_efrm_screening_alert_entity_type"
pg_restore: creating INDEX "efrm.ix_efrm_screening_alert_id"
pg_restore: creating INDEX "efrm.ix_efrm_screening_alert_request_id"
pg_restore: creating INDEX "efrm.ix_efrm_screening_alert_result_id"
pg_restore: creating INDEX "efrm.ix_efrm_screening_alert_status"
pg_restore: creating INDEX "efrm.ix_efrm_screening_bulk_job_id"
pg_restore: creating INDEX "efrm.ix_efrm_screening_bulk_job_item_id"
pg_restore: creating INDEX "efrm.ix_efrm_screening_bulk_job_summary_id"
pg_restore: creating INDEX "efrm.ix_efrm_screening_entity_entity_group"
pg_restore: creating INDEX "efrm.ix_efrm_screening_entity_entity_type"
pg_restore: creating INDEX "efrm.ix_efrm_screening_entity_field_field_id"
pg_restore: creating INDEX "efrm.ix_efrm_screening_entity_id"
pg_restore: creating INDEX "efrm.ix_efrm_screening_match_id"
pg_restore: creating INDEX "efrm.ix_efrm_screening_match_result_id"
pg_restore: creating INDEX "efrm.ix_efrm_screening_request_id"
pg_restore: creating INDEX "efrm.ix_efrm_screening_request_request_id"
pg_restore: creating INDEX "efrm.ix_efrm_screening_result_entity_id"
pg_restore: creating INDEX "efrm.ix_efrm_screening_result_id"
pg_restore: creating INDEX "efrm.ix_efrm_screening_result_request_id"
pg_restore: creating INDEX "efrm.ix_efrm_sla_escalation_escalation_id"
pg_restore: creating INDEX "efrm.ix_efrm_sla_policy_sla_id"
pg_restore: creating INDEX "efrm.ix_efrm_source_attribute_def_id"
pg_restore: creating INDEX "efrm.ix_efrm_source_column_mapping_mapping_id"
pg_restore: creating INDEX "efrm.ix_efrm_source_column_mapping_source_code"
pg_restore: creating INDEX "efrm.ix_efrm_source_config_id"
pg_restore: creating INDEX "efrm.ix_efrm_source_config_list_source_id"
pg_restore: creating INDEX "efrm.ix_efrm_source_system_master_institution_id"
pg_restore: creating INDEX "efrm.ix_efrm_source_system_master_source_system_code"
pg_restore: creating INDEX "efrm.ix_efrm_source_system_master_source_system_id"
pg_restore: creating INDEX "efrm.ix_efrm_transaction_master_id"
pg_restore: creating INDEX "efrm.ix_efrm_whitelist_entry_entity_id"
pg_restore: creating INDEX "efrm.ix_efrm_whitelist_entry_entity_type"
pg_restore: creating INDEX "efrm.ix_efrm_whitelist_entry_id"
pg_restore: creating INDEX "efrm.ix_ml_job_dead_letter_open"
pg_restore: creating INDEX "efrm.ix_ml_job_execution_available"
pg_restore: creating INDEX "efrm.ix_ml_worker_heartbeat_seen"
pg_restore: creating INDEX "efrm.ix_rep_asn_resolve"
pg_restore: creating INDEX "efrm.ix_rep_var_resolve"
pg_restore: creating INDEX "efrm.ix_report_export_actor_time"
pg_restore: creating INDEX "efrm.ix_rule_master_tag_rule_id"
pg_restore: creating INDEX "efrm.ix_rule_master_tag_tag_code"
pg_restore: creating INDEX "efrm.ix_screen_alert_created_id"
pg_restore: creating INDEX "efrm.ix_screen_req_inst_time"
pg_restore: creating INDEX "efrm.ix_screening_entity_relation_active"
pg_restore: creating INDEX "efrm.ix_screening_entity_relation_entity_type"
pg_restore: creating INDEX "efrm.ix_sla_policy_lookup"
pg_restore: creating INDEX "efrm.ix_txn_alert_created_id"
pg_restore: creating INDEX "efrm.ix_txn_match_result_rule"
pg_restore: creating INDEX "efrm.menu_master_parent_id_idx"
pg_restore: creating INDEX "efrm.menu_master_product_id_idx"
pg_restore: creating INDEX "efrm.notification_queue_event_code_idx"
pg_restore: creating INDEX "efrm.notification_queue_status_idx"
pg_restore: creating INDEX "efrm.notification_queue_user_id_idx"
pg_restore: creating INDEX "efrm.notification_template_channel_idx"
pg_restore: creating INDEX "efrm.notification_template_event_code_idx"
pg_restore: creating INDEX "efrm.profile_mstr_pwd_policy_idx"
pg_restore: creating INDEX "efrm.profile_mstr_security_chk_idx"
pg_restore: creating INDEX "efrm.profile_mstr_status_idx"
pg_restore: creating INDEX "efrm.reference_data_ref_type_active_idx"
pg_restore: creating INDEX "efrm.reference_data_ref_type_idx"
pg_restore: creating INDEX "efrm.screening_entity_field_entity_type_idx"
pg_restore: creating INDEX "efrm.screening_entity_field_relation_idx"
pg_restore: creating INDEX "efrm.transaction_master_institution_source_txn_id_uq"
pg_restore: creating INDEX "efrm.uk_entity_graph_edge_institution_pair_dimension"
pg_restore: creating INDEX "efrm.uk_entity_graph_node_institution_type_hash"
pg_restore: creating INDEX "efrm.uk_graph_dimension_config_source"
pg_restore: creating INDEX "efrm.uq_list_entity_version_external_id_not_null"
pg_restore: creating INDEX "efrm.uq_ml_deployment_active_plan"
pg_restore: creating INDEX "efrm.uq_ml_feature_set_version_one_active"
pg_restore: creating INDEX "efrm.uq_ml_job_dead_letter_external"
pg_restore: creating INDEX "efrm.uq_ml_model_job_active"
pg_restore: creating INDEX "efrm.uq_ml_model_simulation_sample_default"
pg_restore: creating INDEX "efrm.uq_ml_shadow_execution_event"
pg_restore: creating INDEX "efrm.user_master_created_at_idx"
pg_restore: creating INDEX "efrm.user_master_institution_id_idx"
pg_restore: creating INDEX "efrm.user_master_profile_id_idx"
pg_restore: creating INDEX "efrm.user_master_user_status_idx"
pg_restore: creating INDEX "efrm.user_pwd_hist_created_at_idx"
pg_restore: creating INDEX "efrm.user_pwd_hist_is_current_idx"
pg_restore: creating INDEX "efrm.user_pwd_hist_user_name_idx"
pg_restore: creating TRIGGER "efrm.ml_audit_event trg_ml_audit_event_immutable"
pg_restore: creating TRIGGER "efrm.security_audit_log trg_saud_append_only"
pg_restore: creating FK CONSTRAINT "efrm.account_lockout account_lockout_user_id_fkey"
pg_restore: creating FK CONSTRAINT "efrm.adverse_alert adverse_alert_request_id_fkey"
pg_restore: creating FK CONSTRAINT "efrm.adverse_category_weight adverse_category_weight_config_master_id_fkey"
pg_restore: creating FK CONSTRAINT "efrm.adverse_country_risk adverse_country_risk_config_master_id_fkey"
pg_restore: creating FK CONSTRAINT "efrm.adverse_integration_config adverse_integration_config_master_fkey"
pg_restore: creating FK CONSTRAINT "efrm.adverse_match adverse_match_alert_id_fkey"
pg_restore: creating FK CONSTRAINT "efrm.adverse_match adverse_match_result_id_fkey"
pg_restore: creating FK CONSTRAINT "efrm.adverse_recency_factor adverse_recency_factor_config_master_id_fkey"
pg_restore: creating FK CONSTRAINT "efrm.adverse_result adverse_result_request_id_fkey"
pg_restore: creating FK CONSTRAINT "efrm.adverse_risk_band adverse_risk_band_config_master_id_fkey"
pg_restore: creating FK CONSTRAINT "efrm.adverse_severity_score adverse_severity_score_config_master_id_fkey"
pg_restore: creating FK CONSTRAINT "efrm.adverse_source_weight adverse_source_weight_config_master_id_fkey"
pg_restore: creating FK CONSTRAINT "efrm.aggregated_metric aggregated_metric_metric_code_fkey"
pg_restore: creating FK CONSTRAINT "efrm.alert_category_master alert_category_master_config_master_id_fkey"
pg_restore: creating FK CONSTRAINT "efrm.alert_count_boost_config alert_count_boost_config_config_master_id_fkey"
pg_restore: creating FK CONSTRAINT "efrm.audit_trail audit_trail_user_name_fkey"
pg_restore: creating FK CONSTRAINT "efrm.bulk_job bulk_job_list_version_id_fkey"
pg_restore: creating FK CONSTRAINT "efrm.case_action_execution_log case_action_execution_log_case_id_fkey"
pg_restore: creating FK CONSTRAINT "efrm.case_action_execution_log case_action_execution_log_execution_id_fkey"
pg_restore: creating FK CONSTRAINT "efrm.case_action_execution_queue case_action_execution_queue_case_id_fkey"
pg_restore: creating FK CONSTRAINT "efrm.case_action_master case_action_master_config_master_id_fkey"
pg_restore: creating FK CONSTRAINT "efrm.case_alert_mapping case_alert_mapping_case_id_fkey"
pg_restore: creating FK CONSTRAINT "efrm.case_assignment case_assignment_case_id_fkey"
pg_restore: creating FK CONSTRAINT "efrm.case_decision_action_mapping case_decision_action_mapping_config_master_id_fkey"
pg_restore: creating FK CONSTRAINT "efrm.case_decision_master case_decision_master_config_master_id_fkey"
pg_restore: creating FK CONSTRAINT "efrm.case_events case_events_case_id_fkey"
pg_restore: creating FK CONSTRAINT "efrm.case_evidence case_evidence_case_id_fkey"
pg_restore: creating FK CONSTRAINT "efrm.case_priority_master case_priority_master_config_master_id_fkey"
pg_restore: creating FK CONSTRAINT "efrm.case_recovery case_recovery_case_id_fkey"
pg_restore: creating FK CONSTRAINT "efrm.case_score_breakdown case_score_breakdown_case_id_fkey"
pg_restore: creating FK CONSTRAINT "efrm.case_scoring_trace case_scoring_trace_case_id_fkey"
pg_restore: creating FK CONSTRAINT "efrm.case_sla_tracker case_sla_tracker_case_id_fkey"
pg_restore: creating FK CONSTRAINT "efrm.category_correlation_config category_correlation_config_config_master_id_fkey"
pg_restore: creating FK CONSTRAINT "efrm.critical_override_rules critical_override_rules_config_master_id_fkey"
pg_restore: creating FK CONSTRAINT "efrm.dashboard_assignment dashboard_assignment_institution_id_fkey"
pg_restore: creating FK CONSTRAINT "efrm.dashboard_assignment dashboard_assignment_profile_id_fkey"
pg_restore: creating FK CONSTRAINT "efrm.dashboard_assignment dashboard_assignment_variant_id_fkey"
pg_restore: creating FK CONSTRAINT "efrm.device_alert device_alert_device_result_id_fkey"
pg_restore: creating FK CONSTRAINT "efrm.device_master device_master_device_request_id_fkey"
pg_restore: creating FK CONSTRAINT "efrm.device_match device_match_device_result_id_fkey"
pg_restore: creating FK CONSTRAINT "efrm.device_result device_result_device_master_id_fkey"
pg_restore: creating FK CONSTRAINT "efrm.efrm_service_config efrm_service_config_institution_id_fkey"
pg_restore: creating FK CONSTRAINT "efrm.entity_device_map entity_device_map_entity_id_fkey"
pg_restore: creating FK CONSTRAINT "efrm.entity_graph_cluster_nodes entity_graph_cluster_nodes_cluster_id_fkey"
pg_restore: creating FK CONSTRAINT "efrm.entity_graph_cluster_nodes entity_graph_cluster_nodes_node_id_fkey"
pg_restore: creating FK CONSTRAINT "efrm.entity_graph_edges entity_graph_edges_source_node_fkey"
pg_restore: creating FK CONSTRAINT "efrm.entity_graph_edges entity_graph_edges_target_node_fkey"
pg_restore: creating FK CONSTRAINT "efrm.entity_graph_evidence entity_graph_evidence_edge_id_fkey"
pg_restore: creating FK CONSTRAINT "efrm.entity_relation_map entity_relation_map_entity_id_fkey"
pg_restore: creating FK CONSTRAINT "efrm.facts_definition facts_definition_source_system_id_fkey"
pg_restore: creating FK CONSTRAINT "efrm.adverse_alert fk_adv_alert_result_request"
pg_restore: creating FK CONSTRAINT "efrm.capability_endpoint_map fk_cemap_cap"
pg_restore: creating FK CONSTRAINT "efrm.profile_capability fk_pcap_capability"
pg_restore: creating FK CONSTRAINT "efrm.profile_capability fk_pcap_profile"
pg_restore: creating FK CONSTRAINT "efrm.rule_master_tag fk_rule_master_tag_rule"
pg_restore: creating FK CONSTRAINT "efrm.screening_alert fk_scr_alert_result_request"
pg_restore: creating FK CONSTRAINT "efrm.list_entity_alias list_entity_alias_list_entity_id_fkey"
pg_restore: creating FK CONSTRAINT "efrm.list_entity list_entity_list_version_id_fkey"
pg_restore: creating FK CONSTRAINT "efrm.list_normalized_address list_normalized_address_list_entity_id_fkey"
pg_restore: creating FK CONSTRAINT "efrm.list_version list_version_list_source_id_fkey"
pg_restore: creating FK CONSTRAINT "efrm.list_version list_version_source_config_id_fkey"
pg_restore: creating FK CONSTRAINT "efrm.login_attempt login_attempt_user_id_fkey"
pg_restore: creating FK CONSTRAINT "efrm.menu_master menu_master_parent_id_fkey"
pg_restore: creating FK CONSTRAINT "efrm.menu_master menu_master_product_id_fkey"
pg_restore: creating FK CONSTRAINT "efrm.ml_data_generation_record ml_data_generation_record_generation_run_id_fkey"
pg_restore: creating FK CONSTRAINT "efrm.ml_deployment_allocation ml_deployment_allocation_deployment_plan_id_fkey"
pg_restore: creating FK CONSTRAINT "efrm.ml_deployment_allocation ml_deployment_allocation_model_version_id_fkey"
pg_restore: creating FK CONSTRAINT "efrm.ml_deployment_event ml_deployment_event_deployment_plan_id_fkey"
pg_restore: creating FK CONSTRAINT "efrm.ml_deployment_plan ml_deployment_plan_baseline_model_version_id_fkey"
pg_restore: creating FK CONSTRAINT "efrm.ml_deployment_plan ml_deployment_plan_model_id_fkey"
pg_restore: creating FK CONSTRAINT "efrm.ml_deployment_plan ml_deployment_plan_target_model_version_id_fkey"
pg_restore: creating FK CONSTRAINT "efrm.ml_deployment_stage ml_deployment_stage_deployment_plan_id_fkey"
pg_restore: creating FK CONSTRAINT "efrm.ml_feature_definition ml_feature_definition_feature_set_version_id_fkey"
pg_restore: creating FK CONSTRAINT "efrm.ml_feature_definition_metadata ml_feature_definition_metadata_feature_id_fkey"
pg_restore: creating FK CONSTRAINT "efrm.ml_feature_set_version ml_feature_set_version_feature_set_id_fkey"
pg_restore: creating FK CONSTRAINT "efrm.ml_feedback ml_feedback_inference_id_fkey"
pg_restore: creating FK CONSTRAINT "efrm.ml_inference_result ml_inference_result_model_version_id_fkey"
pg_restore: creating FK CONSTRAINT "efrm.ml_inference_review ml_inference_review_inference_id_fkey"
pg_restore: creating FK CONSTRAINT "efrm.ml_inference_shap_local ml_inference_shap_local_inference_id_fkey"
pg_restore: creating FK CONSTRAINT "efrm.ml_inference_shap_local ml_inference_shap_local_model_version_id_fkey"
pg_restore: creating FK CONSTRAINT "efrm.ml_job_dead_letter ml_job_dead_letter_model_job_id_fkey"
pg_restore: creating FK CONSTRAINT "efrm.ml_job_execution_state ml_job_execution_state_model_job_id_fkey"
pg_restore: creating FK CONSTRAINT "efrm.ml_model_drift_summary ml_model_drift_summary_model_version_id_fkey"
pg_restore: creating FK CONSTRAINT "efrm.ml_model_explainability_profile ml_model_explainability_profile_feature_set_version_id_fkey"
pg_restore: creating FK CONSTRAINT "efrm.ml_model_explainability_profile ml_model_explainability_profile_model_version_id_fkey"
pg_restore: creating FK CONSTRAINT "efrm.ml_model_feature_drift ml_model_feature_drift_model_version_id_fkey"
pg_restore: creating FK CONSTRAINT "efrm.ml_model_governance ml_model_governance_model_version_id_fkey"
pg_restore: creating FK CONSTRAINT "efrm.ml_model_job ml_model_job_model_version_id_fkey"
pg_restore: creating FK CONSTRAINT "efrm.ml_model_performance_daily ml_model_performance_daily_model_version_id_fkey"
pg_restore: creating FK CONSTRAINT "efrm.ml_model_runtime_metrics ml_model_runtime_metrics_model_version_id_fkey"
pg_restore: creating FK CONSTRAINT "efrm.ml_model_shap_global ml_model_shap_global_model_version_id_fkey"
pg_restore: creating FK CONSTRAINT "efrm.ml_model_simulation_sample ml_model_simulation_sample_model_version_id_fkey"
pg_restore: creating FK CONSTRAINT "efrm.ml_model_version ml_model_version_feature_set_version_id_fkey"
pg_restore: creating FK CONSTRAINT "efrm.ml_model_version ml_model_version_model_id_fkey"
pg_restore: creating FK CONSTRAINT "efrm.ml_monitoring_alert ml_monitoring_alert_model_version_id_fkey"
pg_restore: creating FK CONSTRAINT "efrm.ml_shadow_execution ml_shadow_execution_deployment_plan_id_fkey"
pg_restore: creating FK CONSTRAINT "efrm.ml_shadow_execution ml_shadow_execution_inference_id_fkey"
pg_restore: creating FK CONSTRAINT "efrm.ml_shadow_execution ml_shadow_execution_model_version_id_fkey"
pg_restore: creating FK CONSTRAINT "efrm.ml_simulation_result ml_simulation_result_simulation_run_id_fkey"
pg_restore: creating FK CONSTRAINT "efrm.ml_simulation_run ml_simulation_run_model_version_id_fkey"
pg_restore: creating FK CONSTRAINT "efrm.ml_training_dataset ml_training_dataset_feature_set_version_id_fkey"
pg_restore: creating FK CONSTRAINT "efrm.ml_training_dataset ml_training_dataset_model_version_id_fkey"
pg_restore: creating FK CONSTRAINT "efrm.ml_training_dataset_profile ml_training_dataset_profile_model_version_id_fkey"
pg_restore: creating FK CONSTRAINT "efrm.password_expiry_notice password_expiry_notice_credential_id_fkey"
pg_restore: creating FK CONSTRAINT "efrm.password_expiry_notice password_expiry_notice_user_id_fkey"
pg_restore: creating FK CONSTRAINT "efrm.password_reset_token password_reset_token_user_id_fkey"
pg_restore: creating FK CONSTRAINT "efrm.profile_master profile_master_password_policy_rule_id_fkey"
pg_restore: creating FK CONSTRAINT "efrm.profile_master profile_master_security_check_id_fkey"
pg_restore: creating FK CONSTRAINT "efrm.refresh_token refresh_token_session_id_fkey"
pg_restore: creating FK CONSTRAINT "efrm.refresh_token refresh_token_user_id_fkey"
pg_restore: creating FK CONSTRAINT "efrm.report_assignment report_assignment_institution_id_fkey"
pg_restore: creating FK CONSTRAINT "efrm.report_assignment report_assignment_profile_id_fkey"
pg_restore: creating FK CONSTRAINT "efrm.report_assignment report_assignment_variant_id_fkey"
pg_restore: creating FK CONSTRAINT "efrm.risk_rating_config risk_rating_config_institution_id_fkey"
pg_restore: creating FK CONSTRAINT "efrm.risk_rating_decay_policy_config risk_rating_decay_policy_config_config_master_id_fkey"
pg_restore: creating FK CONSTRAINT "efrm.risk_rating_decision_impact_config risk_rating_decision_impact_config_config_master_id_fkey"
pg_restore: creating FK CONSTRAINT "efrm.risk_rating_domain_override_config risk_rating_domain_override_config_config_master_id_fkey"
pg_restore: creating FK CONSTRAINT "efrm.risk_rating_event_type_config risk_rating_event_type_config_config_master_id_fkey"
pg_restore: creating FK CONSTRAINT "efrm.risk_rating_override_policy risk_rating_override_policy_config_master_id_fkey"
pg_restore: creating FK CONSTRAINT "efrm.risk_rating_relationship_risk_config risk_rating_relationship_risk_config_config_master_id_fkey"
pg_restore: creating FK CONSTRAINT "efrm.risk_rating_service_weight_config risk_rating_service_weight_config_config_master_id_fkey"
pg_restore: creating FK CONSTRAINT "efrm.risk_rating_tier_config risk_rating_tier_config_config_master_id_fkey"
pg_restore: creating FK CONSTRAINT "efrm.risk_rating_weight_config risk_rating_weight_config_config_master_id_fkey"
pg_restore: creating FK CONSTRAINT "efrm.rule_group_source_binding rule_group_source_binding_rule_group_version_id_fkey"
pg_restore: creating FK CONSTRAINT "efrm.rule_group_version_map rule_group_version_map_rule_group_version_id_fkey"
pg_restore: creating FK CONSTRAINT "efrm.rule_group_version_map rule_group_version_map_rule_version_id_fkey"
pg_restore: creating FK CONSTRAINT "efrm.rule_group_version rule_group_version_rule_group_master_id_fkey"
pg_restore: creating FK CONSTRAINT "efrm.rule_metric_dependency rule_metric_dependency_metric_code_fkey"
pg_restore: creating FK CONSTRAINT "efrm.rule_metric_dependency rule_metric_dependency_rule_id_fkey"
pg_restore: creating FK CONSTRAINT "efrm.rule_required_data rule_required_data_rule_version_id_fkey"
pg_restore: creating FK CONSTRAINT "efrm.rule_version rule_version_drl_context_id_fkey"
pg_restore: creating FK CONSTRAINT "efrm.rule_version rule_version_rule_master_id_fkey"
pg_restore: creating FK CONSTRAINT "efrm.transaction_alert ruleengine_alert_ruleengine_result_id_fkey"
pg_restore: creating FK CONSTRAINT "efrm.ruleengine_bulk_job_item ruleengine_bulk_job_item_bulk_job_id_fkey"
pg_restore: creating FK CONSTRAINT "efrm.ruleengine_bulk_job_summary ruleengine_bulk_job_summary_bulk_job_id_fkey"
pg_restore: creating FK CONSTRAINT "efrm.transaction_match ruleengine_match_ruleengine_result_id_fkey"
pg_restore: creating FK CONSTRAINT "efrm.transaction_result ruleengine_result_transaction_master_id_fkey"
pg_restore: creating FK CONSTRAINT "efrm.screening_alert screening_alert_request_id_fkey"
pg_restore: creating FK CONSTRAINT "efrm.screening_bulk_job_item screening_bulk_job_item_bulk_job_id_fkey"
pg_restore: creating FK CONSTRAINT "efrm.screening_bulk_job_summary screening_bulk_job_summary_bulk_job_id_fkey"
pg_restore: creating FK CONSTRAINT "efrm.screening_decision_threshold screening_decision_threshold_config_master_id_fkey"
pg_restore: creating FK CONSTRAINT "efrm.screening_field_config screening_field_config_config_master_id_fkey"
pg_restore: creating FK CONSTRAINT "efrm.screening_group_config screening_group_config_config_master_id_fkey"
pg_restore: creating FK CONSTRAINT "efrm.screening_identifier_config screening_identifier_config_config_master_id_fkey"
pg_restore: creating FK CONSTRAINT "efrm.screening_match screening_match_result_id_fkey"
pg_restore: creating FK CONSTRAINT "efrm.screening_result screening_result_request_id_fkey"
pg_restore: creating FK CONSTRAINT "efrm.screening_risk_band screening_risk_band_config_master_id_fkey"
pg_restore: creating FK CONSTRAINT "efrm.screening_source_config screening_source_config_config_master_id_fkey"
pg_restore: creating FK CONSTRAINT "efrm.screening_source_config screening_source_config_list_source_code_fkey"
pg_restore: creating FK CONSTRAINT "efrm.security_notification security_notification_user_id_fkey"
pg_restore: creating FK CONSTRAINT "efrm.service_token_jti service_token_jti_client_id_fkey"
pg_restore: creating FK CONSTRAINT "efrm.sla_escalation sla_escalation_sla_id_fkey"
pg_restore: creating FK CONSTRAINT "efrm.source_config source_config_list_source_id_fkey"
pg_restore: creating FK CONSTRAINT "efrm.transaction_master transaction_master_ruleengine_request_id_fkey"
pg_restore: creating FK CONSTRAINT "efrm.user_credential user_credential_user_id_fkey"
pg_restore: creating FK CONSTRAINT "efrm.user_master user_master_institution_id_fkey"
pg_restore: creating FK CONSTRAINT "efrm.user_master user_master_profile_id_fkey"
pg_restore: creating FK CONSTRAINT "efrm.user_password_history user_password_history_user_name_fkey"
pg_restore: creating FK CONSTRAINT "efrm.user_session user_session_security_check_id_fkey"
pg_restore: creating FK CONSTRAINT "efrm.user_session user_session_user_id_fkey"
pg_restore: creating FK CONSTRAINT "efrm.whitelist_entry whitelist_entry_list_entity_id_fkey"
